[{"id": 0, "sentence": "\"成败一知己，生死两妇人\"所说的人物有什么重大成就？", "mention": ["成败一知己，生死两妇人"]}, {"id": 1, "sentence": "葬于茂陵的皇帝在位于哪段时间？", "mention": ["茂陵"]}, {"id": 2, "sentence": "\"光武中兴\"说的是哪位皇帝？", "mention": ["光武中兴"]}, {"id": 3, "sentence": "李清照丈夫的代表作品是什么？", "mention": ["李清照"]}, {"id": 4, "sentence": "\"兰陵王\"是对谁的尊称？", "mention": ["兰陵王"]}, {"id": 5, "sentence": "《西厢记》又名什么？", "mention": ["西厢记"]}, {"id": 6, "sentence": "白炽灯是哪国人发明的？", "mention": ["白炽灯"]}, {"id": 7, "sentence": "薛宝钗的哥哥外号叫什么？", "mention": ["薛宝钗"]}, {"id": 8, "sentence": "历史上的秦桧是哪里人？", "mention": ["秦桧"]}, {"id": 9, "sentence": "清华大学的校训是什么？", "mention": ["清华大学"]}, {"id": 10, "sentence": "严嵩的儿子人称？", "mention": ["严嵩"]}, {"id": 11, "sentence": "《西游记》中孙悟空的兵器叫什么？", "mention": ["孙悟空"]}, {"id": 12, "sentence": "《红楼梦》中贾兰母亲的住所是哪里？", "mention": ["贾兰"]}, {"id": 13, "sentence": "唐太宗李世民的年号是什么？", "mention": ["唐太宗李世民"]}, {"id": 14, "sentence": "东坡肉的发明人死后谥号为？", "mention": ["东坡肉"]}, {"id": 15, "sentence": "《红楼梦》中贾琏妻子的丫鬟是谁？", "mention": ["贾琏"]}, {"id": 16, "sentence": "乐山大佛始建于哪一年？", "mention": ["乐山大佛"]}, {"id": 17, "sentence": "木牛流马的发明者有哪些文学代表作？", "mention": ["木牛流马"]}, {"id": 18, "sentence": "谁创立了关宁铁骑？", "mention": ["立了关宁铁骑"]}, {"id": 19, "sentence": "明成祖朱棣的年号是什么？", "mention": ["明成祖朱棣"]}, {"id": 20, "sentence": "武则天的陵寝是？", "mention": ["武则天"]}, {"id": 21, "sentence": "《红楼梦》中贾环的父亲的人物原型是谁？", "mention": ["贾环"]}, {"id": 22, "sentence": "\"负荆请罪\"说的是谁的故事？", "mention": ["负荆请罪"]}, {"id": 23, "sentence": "战国四大名将之首的外号是？", "mention": ["战国四大名将之首"]}, {"id": 24, "sentence": "《六韬》的作者有什么重大成就？", "mention": ["六韬"]}, {"id": 25, "sentence": "莫妮卡·贝鲁奇的代表作？", "mention": ["莫妮卡·贝鲁奇"]}, {"id": 26, "sentence": "《湖上草》是谁的诗？", "mention": ["湖上草"]}, {"id": 27, "sentence": "龙卷风的英文名是什么？", "mention": ["龙卷风"]}, {"id": 28, "sentence": "新加坡的水域率是多少？", "mention": ["新加坡"]}, {"id": 29, "sentence": "商朝在哪场战役中走向覆灭？", "mention": ["商朝"]}, {"id": 30, "sentence": "叔本华信仰什么宗教？", "mention": ["叔本华"]}, {"id": 31, "sentence": "大兴安岭的终点是哪里？", "mention": ["大兴安岭"]}, {"id": 32, "sentence": "演员梅艳芳有多高？", "mention": ["梅艳芳"]}, {"id": 33, "sentence": "被誉为万岛之国的是哪个国家？", "mention": ["万岛之国"]}, {"id": 34, "sentence": "北京奥运会的口号是什么？", "mention": ["北京奥运会"]}, {"id": 35, "sentence": "新加坡的政治元老是谁？", "mention": ["新加坡"]}, {"id": 36, "sentence": "叶文洁毕业于哪个大学？", "mention": ["叶文洁"]}, {"id": 37, "sentence": "\"两弹一星\"指的是什么？", "mention": ["两弹一星"]}, {"id": 38, "sentence": "\"超级碗\"是什么体育项目联赛的年度冠军赛？", "mention": ["超级碗"]}, {"id": 39, "sentence": "清明节起源于哪里？", "mention": ["清明节"]}, {"id": 40, "sentence": "诗经的内容分为哪三个部分？", "mention": ["诗经"]}, {"id": 41, "sentence": "悉尼有哪些大学？", "mention": ["悉尼"]}, {"id": 42, "sentence": "凯文·杜兰特得过哪些奖？", "mention": ["凯文·杜兰特"]}, {"id": 43, "sentence": "大连理工大学校歌是？", "mention": ["大连理工大学"]}, {"id": 44, "sentence": "清朝词人纳兰性德是哪个民族的人？", "mention": ["纳兰性德"]}, {"id": 45, "sentence": "戊戌变法中创建了什么报纸？", "mention": ["戊戌变法"]}, {"id": 46, "sentence": "东南大学的现任校长是谁？", "mention": ["东南大学"]}, {"id": 47, "sentence": "华山派的开山鼻祖是谁？", "mention": ["华山派"]}, {"id": 48, "sentence": "庄周出生于哪里？", "mention": ["庄周"]}, {"id": 49, "sentence": "三国女诗人蔡琰的主要作品有哪些？", "mention": ["蔡琰"]}, {"id": 50, "sentence": "三国吕布，人称？", "mention": ["吕布"]}, {"id": 51, "sentence": "《马可·波罗游记》的作者是哪国人？", "mention": ["马可·波罗游记"]}, {"id": 52, "sentence": "成吉思汗是对谁的尊称？", "mention": ["成吉思汗"]}, {"id": 53, "sentence": "我们尊称孙文先生为？", "mention": ["孙文"]}, {"id": 54, "sentence": "雍正皇帝在位期间的主要成就？", "mention": ["雍正皇帝"]}, {"id": 55, "sentence": "玫瑰在英语里叫做？", "mention": ["玫瑰"]}, {"id": 56, "sentence": "富士山所属国家的首都是哪里？", "mention": ["富士山"]}, {"id": 57, "sentence": "村上春树的哪部作品首版刊发时间为1987年？", "mention": ["村上春树", "1987年"]}, {"id": 58, "sentence": "村上春树是什么时候出生的？", "mention": ["村上春树"]}, {"id": 59, "sentence": "周杰伦的英文名字是什么？", "mention": ["周杰伦"]}, {"id": 60, "sentence": "腾讯的法人有什么外号？", "mention": ["腾讯"]}, {"id": 61, "sentence": "李相赫擅长玩哪些女性英雄？", "mention": ["李相赫"]}, {"id": 62, "sentence": "英文名字是\"WestDoor\"的玩家是哪个国家的人？", "mention": ["WestDoor"]}, {"id": 63, "sentence": "获得NBA最有价值球员奖（2008）的球员的球衣号码是多少？", "mention": ["NBA最有价值球员奖（2008"]}, {"id": 64, "sentence": "科比的老婆的工作是什么？", "mention": ["科比"]}, {"id": 65, "sentence": "权力的游戏第六季的编剧毕业于哪个学校？", "mention": ["权力的游戏"]}, {"id": 66, "sentence": "美国总统罗斯福什么时候去世的？", "mention": ["罗斯福"]}, {"id": 67, "sentence": "《射雕英雄传》里黄蓉的爸爸用什么武器？", "mention": ["黄蓉"]}, {"id": 68, "sentence": "林心如和香港演员朱茵共同出演的电视剧有？", "mention": ["林心如", "朱茵"]}, {"id": 69, "sentence": "冯柏源导演的电视剧有哪些是张卫健主演的？", "mention": ["冯柏源", "张卫健"]}, {"id": 70, "sentence": "朱茵和唐嫣共同饰演过哪个经典角色？", "mention": ["朱茵", "唐嫣"]}, {"id": 71, "sentence": "罗纳尔多现在效力哪只球队？", "mention": ["罗纳尔多"]}, {"id": 72, "sentence": "清扬洗发水请过哪些中国名人当代言人？", "mention": ["清扬洗发水", "中国"]}, {"id": 73, "sentence": "法国在哪个洲？", "mention": ["法国"]}, {"id": 74, "sentence": "法国主要信仰什么宗教？", "mention": ["法国"]}, {"id": 75, "sentence": "张敬轩签了哪个唱片公司？", "mention": ["张敬轩"]}, {"id": 76, "sentence": "歌手王菲是什么星座？", "mention": ["王菲"]}, {"id": 77, "sentence": "《红豆》出自于哪个专辑？", "mention": ["红豆"]}, {"id": 78, "sentence": "专辑《唱游》中哪首歌是由柳重言谱曲的？", "mention": ["唱游", "柳重言"]}, {"id": 79, "sentence": "李荣浩哪首歌的风格是乡村摇滚？", "mention": ["李荣浩", "乡村摇滚"]}, {"id": 80, "sentence": "诗人李白的祖籍是什么气候？", "mention": ["李白"]}, {"id": 81, "sentence": "《行路难》是哪个朝代的诗人创作的？", "mention": ["行路难"]}, {"id": 82, "sentence": "诗人李白葬在了何地？", "mention": ["李白"]}, {"id": 83, "sentence": "作《帝京篇》的古人信仰什么学派？", "mention": ["帝京篇"]}, {"id": 84, "sentence": "9·11事件发生在哪里？", "mention": ["9·11事件"]}, {"id": 85, "sentence": "本·拉登最知名的罪行导致多少人受伤？", "mention": ["本·拉登"]}, {"id": 86, "sentence": "李荆有什么著名成就？", "mention": ["李荆"]}, {"id": 87, "sentence": "运动员李翔宇的母校的校训是什么？", "mention": ["李翔宇"]}, {"id": 88, "sentence": "歌手胡琳出演过的电影片长是多少？", "mention": ["胡琳"]}, {"id": 89, "sentence": "瑞金有多少人口？", "mention": ["瑞金"]}, {"id": 90, "sentence": "获得\"第85届奥斯卡金像奖最佳女配角\"的演员毕业于哪个学校？", "mention": ["第85届奥斯卡金像奖最佳女配角"]}, {"id": 91, "sentence": "虎门林则徐纪公园有什么特别的典故吗？", "mention": ["虎门林则徐纪公园"]}, {"id": 92, "sentence": "歌手赵雷在2011年8月7日发行了哪首歌？", "mention": ["赵雷", "2011年8月7日"]}, {"id": 93, "sentence": "咖喱起源的国家的首都是什么？", "mention": ["咖喱"]}, {"id": 94, "sentence": "日本哪位国家领导人出生于山口县？", "mention": ["日本", "山口县"]}, {"id": 95, "sentence": "漂亮的刘亦菲会哪些才艺啊？", "mention": ["刘亦菲"]}, {"id": 96, "sentence": "给我推荐几个出生于赣州的歌手？", "mention": ["赣州", "歌手"]}, {"id": 97, "sentence": "木星是由哪个国家的科学家发现的？", "mention": ["木星"]}, {"id": 98, "sentence": "伽利略在1590年提出了什么重要理论？", "mention": ["伽利略", "1590年"]}, {"id": 99, "sentence": "坦桑尼亚道路驾驶靠哪边通行？", "mention": ["坦桑尼亚"]}, {"id": 100, "sentence": "\"生活如此多娇\"是哪个公司的口号？", "mention": ["生活如此多娇"]}, {"id": 101, "sentence": "伟大的领袖毛主席是什么时候诞生的？", "mention": ["毛主席"]}, {"id": 102, "sentence": "有哪些知名的女性小提琴家？", "mention": ["女性小提琴家"]}, {"id": 103, "sentence": "威尼斯的气候成因是什么？", "mention": ["威尼斯"]}, {"id": 104, "sentence": "导演诺兰2017年的哪部作品出品了？", "mention": ["诺兰2017年"]}, {"id": 105, "sentence": "朋友说我\"注孤生\"，他到底是什么意思？", "mention": ["注孤生"]}, {"id": 106, "sentence": "北京大学校庆日是哪一天？", "mention": ["北京大学"]}, {"id": 107, "sentence": "哪些学校开设社会科学部？", "mention": ["社会科学部"]}, {"id": 108, "sentence": "北京大学共青团具有什么性质？", "mention": ["北京大学共青团"]}, {"id": 109, "sentence": "国际名称为CREGC的公司成立于什么时候？", "mention": ["CREGC"]}, {"id": 110, "sentence": "在京华出版社出版的书中，《蓝毛衣》的译者共翻译哪几本书？", "mention": ["京华出版社", "蓝毛衣"]}, {"id": 111, "sentence": "荣获2010年度编程语言称号的语言于何时发行？", "mention": ["2010年度编程语言称号"]}, {"id": 112, "sentence": "在1968年被发明，用于代替键盘繁琐的指令的设备是？", "mention": ["1968年", "键盘繁琐"]}, {"id": 113, "sentence": "方如沁是哪部武侠游戏中的角色？", "mention": ["方如沁"]}, {"id": 114, "sentence": "出生于香港，曾获得第28届金像奖最佳男主角提名的他与陈妍希共同主演哪部作品？", "mention": ["香港", "第28届金像奖最佳男主角提名", "陈妍希"]}, {"id": 115, "sentence": "电影《鬼子来了》的导演的代表作品中荣获亚洲电影大奖和最高票房亚洲电影大奖的影片的外文名称是？", "mention": ["鬼子来了", "亚洲电影大奖"]}, {"id": 116, "sentence": "亚洲国家中以逊尼派为主要宗教的国家的国树是什么？", "mention": ["亚洲国家", "逊尼派"]}, {"id": 117, "sentence": "\"天涯海角\"这一地区的最佳旅游时间是？", "mention": ["天涯海角"]}, {"id": 118, "sentence": "本山大叔背后的经纪公司是哪个？", "mention": ["本山大叔"]}, {"id": 119, "sentence": "联合国宪章来自哪个国际组织？", "mention": ["联合国宪章"]}, {"id": 120, "sentence": "总部设在杭州且主营电子商务和网上支付的公司是？", "mention": ["杭州", "电子商务和网上支付"]}, {"id": 121, "sentence": "洛克王国大冒险是由哪一家互联网公司开发的？", "mention": ["洛克王国大冒险"]}, {"id": 122, "sentence": "百度文库由哪家公司经营？", "mention": ["百度文库"]}, {"id": 123, "sentence": "今日头条的官方网址是？", "mention": ["今日头条"]}, {"id": 124, "sentence": "纪梵希金色年华的制造商所在国家的最大城市有什么称号？", "mention": ["纪梵希金色年华"]}, {"id": 125, "sentence": "终极联盟3的制片公司的母公司的总部设立在哪？", "mention": ["终极联盟3"]}, {"id": 126, "sentence": "我国辽宁舰的下水时间是什么时候？", "mention": ["辽宁舰"]}, {"id": 127, "sentence": "歌曲《我和我的祖国》的原唱的代表作品中，由乔羽填词的歌曲是？", "mention": ["我和我的祖国", "乔羽"]}, {"id": 128, "sentence": "15个月成就大满贯的他参加的是什么运动项目？", "mention": ["15个月成就大满贯"]}, {"id": 129, "sentence": "参演小品《女神和女汉子》，中央戏剧学院出身的她的师傅是谁？", "mention": ["女神和女汉子", "中央戏剧学院"]}, {"id": 130, "sentence": "常青藤大学联盟中，艾伦图灵的毕业院校的老校名是什么？", "mention": ["常青藤大学", "艾伦图灵"]}, {"id": 131, "sentence": "德云社的主旨是什么？", "mention": ["德云社"]}, {"id": 132, "sentence": "著有《矛盾论》的无产阶级革命家的毕业院校是？", "mention": ["矛盾论", "无产阶级革命家"]}, {"id": 133, "sentence": "呼和诺尔大草原所处城市的车牌代码是多少？", "mention": ["呼和诺尔大草原"]}, {"id": 134, "sentence": "总部位于北京市海淀区学院路甲 5 号的那所公司的口号是？", "mention": ["北京市海淀区学院路甲 5 号"]}, {"id": 135, "sentence": "电子竞技的基本元素是什么？", "mention": ["电子竞技"]}, {"id": 136, "sentence": "郎平所带领的体育项目起源于哪个国家？", "mention": ["郎平"]}, {"id": 137, "sentence": "汉字最早出现在什么时候？", "mention": ["汉字"]}, {"id": 138, "sentence": "赵匡胤建立的国家的监察机构有？", "mention": ["赵匡胤"]}, {"id": 139, "sentence": "《春望》一诗的作者主要创作哪些作品？", "mention": ["春望"]}, {"id": 140, "sentence": "扬子江的英文名是什么？", "mention": ["扬子江"]}, {"id": 141, "sentence": "有哪些射手座的四川籍歌手？", "mention": ["射手座", "四川籍歌手"]}, {"id": 142, "sentence": "发明加减消元法的数学家所在国家有哪些品牌汽车？", "mention": ["数学家"]}, {"id": 143, "sentence": "设立五一劳动节的重大意义是什么？", "mention": ["五一劳动节"]}, {"id": 144, "sentence": "飞机的最早发明者的英文名是什么？", "mention": ["飞机"]}, {"id": 145, "sentence": "既属于鸫科又属于红胸鸲亚种的鸟类是？", "mention": ["鸫科", "红胸鸲"]}, {"id": 146, "sentence": "总部设在天津市的文化传播公司有哪些？", "mention": ["天津市", "文化传播公司"]}, {"id": 147, "sentence": "1780年诞生的那类舞蹈流行于哪个大洲？", "mention": ["1780年"]}, {"id": 148, "sentence": "王者荣耀游戏中属于商朝的英雄有？", "mention": ["王者荣耀", "商朝"]}, {"id": 149, "sentence": "如何鉴定一枚宝石？", "mention": ["宝石"]}, {"id": 150, "sentence": "深圳的乳制品公司有哪些？", "mention": ["深圳", "乳制品"]}, {"id": 151, "sentence": "大夫有什么含义？", "mention": ["大夫"]}, {"id": 152, "sentence": "歌曲怒放的生命的演唱者出生于何时？", "mention": ["怒放的生命"]}, {"id": 153, "sentence": "哥哥出生于什么地方？", "mention": ["哥哥"]}, {"id": 154, "sentence": "巴塞罗那俱乐部的现任主席是谁？", "mention": ["巴塞罗那俱乐部"]}, {"id": 155, "sentence": "获得二十世纪最佳俱乐部的是哪只足球队？", "mention": ["二十世纪最佳俱乐部"]}, {"id": 156, "sentence": "尤文图斯成立于何时？", "mention": ["尤文图斯"]}, {"id": 157, "sentence": "西甲共有多少支足球队？", "mention": ["西甲"]}, {"id": 158, "sentence": "被称为红军的足球俱乐部是？", "mention": ["红军"]}, {"id": 159, "sentence": "梅西的妻子叫什么？", "mention": ["梅西"]}, {"id": 160, "sentence": "梅西获得过几次西甲冠军？", "mention": ["梅西", "西甲"]}, {"id": 161, "sentence": "拥有西班牙和阿根廷双重国籍的足球运动员有哪些？", "mention": ["西班牙", "阿根廷", "足球"]}, {"id": 162, "sentence": "拥有西班牙和巴西双重国籍的足球运动员有哪些？", "mention": ["西班牙", "巴西", "足球"]}, {"id": 163, "sentence": "巴西的主要宗教是什么？", "mention": ["巴西"]}, {"id": 164, "sentence": "国花为康乃馨的国家有哪些？", "mention": ["康乃馨"]}, {"id": 165, "sentence": "圣斗士星矢中号称神的化身的人的生日？", "mention": ["圣斗士星矢"]}, {"id": 166, "sentence": "圣斗士星矢中紫龙在哪里修行？", "mention": ["紫龙"]}, {"id": 167, "sentence": "哪些人出生在9月19日？", "mention": ["9月19日"]}, {"id": 168, "sentence": "出生在9月25日的秘书有哪些？", "mention": ["9月25日", "秘书"]}, {"id": 169, "sentence": "\"蜜蜂\"是哪个明星的粉丝？", "mention": ["蜜蜂"]}, {"id": 170, "sentence": "linux的创始人毕业于哪个学校？", "mention": ["linux"]}, {"id": 171, "sentence": "樱木花道的外号有哪些？", "mention": ["樱木花道"]}, {"id": 172, "sentence": "灌篮高手里哪些人司职控球后卫？", "mention": ["灌篮高手", "控球后卫"]}, {"id": 173, "sentence": "灌篮高手里哪些巨蟹座的人司职小前锋？", "mention": ["灌篮高手", "巨蟹", "小前锋"]}, {"id": 174, "sentence": "动画片魔神英雄传的发行时间是什么时候？", "mention": ["魔神英雄传"]}, {"id": 175, "sentence": "李寿全的张三的歌被哪些人翻唱过？", "mention": ["李寿全", "张三"]}, {"id": 176, "sentence": "狄仁杰之通天帝国的主演还有哪些职业？", "mention": ["狄仁杰", "通天帝国"]}, {"id": 177, "sentence": "中国合伙人的导演还有哪些职业？", "mention": ["中国合伙人", "导演"]}, {"id": 178, "sentence": "同时出演中国合伙人和赵氏孤儿的演员是谁？", "mention": ["中国合伙人", "赵氏孤儿"]}, {"id": 179, "sentence": "曾获得过\"台湾电影金马奖最佳导演\"和\"亚太电影节最佳男主角\"的人有哪些？", "mention": ["台湾电影金马奖最佳导演", "亚太电影节最佳男主角"]}, {"id": 180, "sentence": "获得过奥斯卡最佳导演奖的中国导演有哪些？", "mention": ["奥斯卡最佳导演奖", "中国导演"]}, {"id": 181, "sentence": "战争之王的演员有哪些？", "mention": ["战争之王"]}, {"id": 182, "sentence": "Beyonce的代表作品有哪些？", "mention": ["Beyonce"]}, {"id": 183, "sentence": "facebook全球粉丝最多的人是谁？", "mention": ["facebook"]}, {"id": 184, "sentence": "孙悟空有哪些独门绝技？", "mention": ["孙悟空"]}, {"id": 185, "sentence": "哪些球员获得过中超本土最佳射手？", "mention": ["中超本土最佳射手"]}, {"id": 186, "sentence": "德扑选手有哪些？", "mention": ["德扑"]}, {"id": 187, "sentence": "被称为\"美洲的首都\"的美国城市在哪个州？", "mention": ["美洲", "美国"]}, {"id": 188, "sentence": "原本属于俄罗斯的美国的州是哪个？", "mention": ["俄罗斯", "美国"]}, {"id": 189, "sentence": "既是政治家又是军人又是律师的人有哪些？", "mention": ["政治家", "军人", "律师"]}, {"id": 190, "sentence": "既是政治家又是演员又是律师的人有哪些？", "mention": ["政治家", "演员", "律师"]}, {"id": 191, "sentence": "魔术师约翰逊穿多少号球衣？", "mention": ["术师约翰逊"]}, {"id": 192, "sentence": "中国四大菜系分别是什么？", "mention": ["中国四大菜系"]}, {"id": 193, "sentence": "满汉全席共有多少道菜？", "mention": ["满汉全席"]}, {"id": 194, "sentence": "基督教分为哪几个流派？", "mention": ["基督教"]}, {"id": 195, "sentence": "由中本聪提出的电子货币流通平台主要是？", "mention": ["中本聪", "电子货币流通平台"]}, {"id": 196, "sentence": "日本的忍者主要是做什么的？", "mention": ["日本", "忍者"]}, {"id": 197, "sentence": "松花蛋是哪个游戏里的人物？", "mention": ["松花蛋"]}, {"id": 198, "sentence": "连续三年获得全球500强企业榜首的连锁超市是哪家公司？", "mention": ["连续三年获得全球500强企业榜首", "连锁超市"]}, {"id": 199, "sentence": "乔布斯创立的公司主要经营哪些产品？", "mention": ["乔布斯"]}, {"id": 200, "sentence": "红黄相间，鲜香酸甜的家常菜需要哪些食材？", "mention": ["红黄相间", "鲜香酸甜", "家常菜"]}, {"id": 201, "sentence": "火箭奥沙利文出生于哪里？", "mention": ["火箭奥沙利文"]}, {"id": 202, "sentence": "草泥马的别称是什么？", "mention": ["草泥马"]}, {"id": 203, "sentence": "职业生涯中曾11次刷新国际滑联女子单人花样滑冰世界纪录并在所有比赛中从未下过领奖台的运动员是？", "mention": ["11次刷新国际滑联女子单人花样滑冰世界纪录"]}, {"id": 204, "sentence": "经典的音乐剧《歌剧魅影》的主演是谁？", "mention": ["歌剧魅影"]}, {"id": 205, "sentence": "时尚界著名的老佛爷留下了哪些不朽的成就？", "mention": ["时尚", "老佛爷"]}, {"id": 206, "sentence": "胃癌的发病诱因有哪些？", "mention": ["胃癌"]}, {"id": 207, "sentence": "粉丝名为千纸鹤的该明星的经纪公司是？", "mention": ["千纸鹤"]}, {"id": 208, "sentence": "经典女香\"水之恋\"的品牌下还有哪些香水？", "mention": ["水之恋"]}, {"id": 209, "sentence": "《小王子》的作者都有哪些代表作品？", "mention": ["小王子"]}, {"id": 210, "sentence": "电视剧武林外传里口头禅是额滴神啊的人物的小姑子的哥哥是谁？", "mention": ["武林外传", "额滴神啊"]}, {"id": 211, "sentence": "电视剧武林外传里厨师李秀莲的妈妈叫什么？", "mention": ["李秀莲"]}, {"id": 212, "sentence": "电视剧武林外传里雌雄双煞中的哪个成员是武林外传的主角？", "mention": ["雌雄双煞", "武林外传"]}, {"id": 213, "sentence": "电视剧武林外传里提到的天下第一女捕头是？", "mention": ["武林外传", "天下第一女捕头"]}, {"id": 214, "sentence": "张翠山在冰火岛认识了谁，后来有了儿子？", "mention": ["张翠山", "冰火岛"]}, {"id": 215, "sentence": "纪晓芙的女儿后来嫁给了谁？", "mention": ["纪晓芙"]}, {"id": 216, "sentence": "郭襄建立的门派后来都有哪些弟子？", "mention": ["郭襄"]}, {"id": 217, "sentence": "杨过和小龙女的后代都会哪些武功？", "mention": ["杨过", "小龙女"]}, {"id": 218, "sentence": "情深深雨濛濛中陆振华的提到名字的两任妻子都叫什么？", "mention": ["陆振华"]}, {"id": 219, "sentence": "情深深雨濛濛中\"白玫瑰\"的恋人叫？", "mention": ["白玫瑰"]}, {"id": 220, "sentence": "电影重庆森林的主演，同时发行过很多唱片的女歌手是？", "mention": ["重庆森林"]}, {"id": 221, "sentence": "敏惠恭和元妃生前的寝宫是？", "mention": ["敏惠恭"]}, {"id": 222, "sentence": "慕容云海的女朋友的初恋的心上人是？", "mention": ["慕容云海"]}, {"id": 223, "sentence": "冥王星是哪个星座的守护星？", "mention": ["冥王星"]}, {"id": 224, "sentence": "游戏idolish7的声优是哪些人？", "mention": ["idolish7"]}, {"id": 225, "sentence": "包含御手杵、次郎太刀的游戏作品的声优有哪些？", "mention": ["御手杵", "次郎太刀"]}, {"id": 226, "sentence": "游戏刀剑乱舞是围绕什么主题展开的？", "mention": ["刀剑乱舞"]}, {"id": 227, "sentence": "著名的亚历山大大帝的亲人有哪些？", "mention": ["亚历山大大帝"]}, {"id": 228, "sentence": "著名的亚历山大大帝一生最大的成就是？", "mention": ["亚历山大大帝"]}, {"id": 229, "sentence": "被法国人民称为奥尔良的少女的是？", "mention": ["法国", "奥尔良"]}, {"id": 230, "sentence": "哪些名家创造过宣传民族英雄贞德有关的作品？", "mention": ["民族英雄贞德"]}, {"id": 231, "sentence": "乖离剑出自于的这部作品中登场人物有哪些？", "mention": ["乖离剑"]}, {"id": 232, "sentence": "被称为老萨的乒乓球运动员是？", "mention": ["老萨", "乒乓球"]}, {"id": 233, "sentence": "2001年的乒乓球世界杯男单冠军是哪国球员？", "mention": ["2001年的乒乓球世界杯男单冠军"]}, {"id": 234, "sentence": "获得2002年乒乓球世界杯男单冠军的运动员来自哪个国家？", "mention": ["2002年乒乓球世界杯男单冠军"]}, {"id": 235, "sentence": "李隼教练带出过哪位队员曾夺得奥运冠军？", "mention": ["李隼", "奥运冠军"]}, {"id": 236, "sentence": "中国国乒队中哪些运动员是弧圈结合快攻打法？", "mention": ["弧圈结合快攻"]}, {"id": 237, "sentence": "御坂美琴的能力等级是多少？", "mention": ["御坂美琴"]}, {"id": 238, "sentence": "在魔法禁术目录中，index的中文名是什么？", "mention": ["index"]}, {"id": 239, "sentence": "在白色相簿2中，谁的生日是2月14日？", "mention": ["白色相簿2", "2月14日"]}, {"id": 240, "sentence": "在路人女主的养成方法中，谁的头发是金色的？", "mention": ["路人女", "金色"]}, {"id": 241, "sentence": "云雀恭弥的年龄是？", "mention": ["云雀恭弥"]}, {"id": 242, "sentence": "孙俪和蒋欣共同主演的在2011年11月17日上映的电视剧是？", "mention": ["孙俪", "蒋欣", "2011年11月17日"]}, {"id": 243, "sentence": "赵薇林心如范冰冰主演的经常重播的神剧是？", "mention": ["赵薇林心如范冰冰", "神剧"]}, {"id": 244, "sentence": "夏雨荷的女儿紫薇的结拜姐妹是？", "mention": ["夏雨荷", "紫薇"]}, {"id": 245, "sentence": "秦淮八艳指的是？", "mention": ["秦淮八艳"]}, {"id": 246, "sentence": "中国十大贤后是？", "mention": ["中国十大贤后"]}, {"id": 247, "sentence": "有位名妓写出了寻梦欢这样的好作品，她生活在哪个朝代？", "mention": ["寻梦欢"]}, {"id": 248, "sentence": "娶妻当得阴丽华说的这位皇后葬在哪？", "mention": ["当得阴丽华"]}, {"id": 249, "sentence": "嫁给刘秀的郭皇后原名是？", "mention": ["刘秀", "郭皇后"]}, {"id": 250, "sentence": "《众里寻你》是韩红哪张专辑里的歌？", "mention": ["众里寻你", "韩红"]}, {"id": 251, "sentence": "久川绫的代表作品有哪些？", "mention": ["久川绫"]}, {"id": 252, "sentence": "日本的校园和魔法主题漫画有哪些？", "mention": ["日本", "校园和魔法主题漫画"]}, {"id": 253, "sentence": "校园卡的英文名是什么？", "mention": ["校园卡"]}, {"id": 254, "sentence": "购买力平价理论的核心观点是什么？", "mention": ["购买力平价理论"]}, {"id": 255, "sentence": "蒲树林出品的，由杨幂和季冠霖主演的电视剧是什么？", "mention": ["蒲树林", "杨幂", "季冠霖"]}, {"id": 256, "sentence": "主演中有北京外国语大学、北京电影学院和上海戏剧学院毕业生的电视剧有哪些？", "mention": ["北京外国语大学", "北京电影学院", "上海戏剧学院"]}, {"id": 257, "sentence": "袁弘的身高是？", "mention": ["袁弘"]}, {"id": 258, "sentence": "腾讯公司的创始人有哪些？", "mention": ["腾讯"]}, {"id": 259, "sentence": "位于兴平的有限责任公司有哪些？", "mention": ["兴平", "有限责任公司"]}, {"id": 260, "sentence": "北京的高等学府有哪些？", "mention": ["北京"]}, {"id": 261, "sentence": "北京高校的现任校长有哪些？", "mention": ["北京高校"]}, {"id": 262, "sentence": "C9联盟由哪些机构构成？", "mention": ["C9联盟"]}, {"id": 263, "sentence": "动物界鸟纲画眉科有哪些生物？", "mention": ["鸟纲画眉科"]}, {"id": 264, "sentence": "台湾山蚂蝗的别称是什么？", "mention": ["台湾山蚂蝗"]}, {"id": 265, "sentence": "周润发,黄光亮,梁家辉一同主演的粤语电影有？", "mention": ["周润发", "黄光亮", "梁家辉", "粤语"]}, {"id": 266, "sentence": "贾月梅毕业院校地址是？", "mention": ["贾月梅"]}, {"id": 267, "sentence": "设有建筑学院的211工程大学的学校代码是？", "mention": ["建筑学院", "211工程大学"]}, {"id": 268, "sentence": "出生于邮编为341500地区的汉族官员是？", "mention": ["341500地区", "汉族"]}, {"id": 269, "sentence": "发作时间随机的蠕虫病毒是？", "mention": ["蠕虫病毒"]}, {"id": 270, "sentence": "河北人创办的企业是？", "mention": ["河北"]}, {"id": 271, "sentence": "祖籍泉州的诗人创作出的现代诗有？", "mention": ["泉州", "诗人", "现代诗"]}, {"id": 272, "sentence": "创作过朦胧诗的人有？", "mention": ["朦胧诗"]}, {"id": 273, "sentence": "创作过朦胧诗的老师是？", "mention": ["朦胧诗"]}, {"id": 274, "sentence": "62年8月出生的全国劳模有？", "mention": ["62年8月", "全国劳模"]}, {"id": 275, "sentence": "王后雄和陈国庆合著的书是？", "mention": ["王后雄", "陈国庆"]}, {"id": 276, "sentence": "用椰汁和南瓜烹饪的汤有？", "mention": ["椰汁", "南瓜"]}, {"id": 277, "sentence": "用西瓜可以制作什么清热去火的饮品是？", "mention": ["西瓜", "清热去火"]}, {"id": 278, "sentence": "胡歌的粉丝自称什么？", "mention": ["胡歌"]}, {"id": 279, "sentence": "平定大小金川,镇压林爽文起义的清朝将领,死后的谥号是？", "mention": ["平定大小金川"]}, {"id": 280, "sentence": "爱新觉罗·弘历的主要成就？", "mention": ["爱新觉罗·弘历"]}, {"id": 281, "sentence": "爱新觉罗·弘历1792年创作了什么？", "mention": ["爱新觉罗·弘历1792年"]}, {"id": 282, "sentence": "无毒,味甘,性平的食材？", "mention": ["无毒"]}, {"id": 283, "sentence": "用螃蟹做成的烤箱菜？", "mention": ["螃蟹", "烤箱"]}, {"id": 284, "sentence": "红袖添香小说网上有关四张机的小说？", "mention": ["红袖添香", "四张机"]}, {"id": 285, "sentence": "黄蓉是金庸哪部小说里的人物？", "mention": ["黄蓉", "金庸"]}, {"id": 286, "sentence": "渔家傲·彭门道中早起的作者写过的以水龙吟为牌名的词？", "mention": ["早起", "水龙吟"]}, {"id": 287, "sentence": "带鱼科的动物一般分布在哪里？", "mention": ["带鱼科"]}, {"id": 288, "sentence": "分布在印度洋的灯笼鱼有？", "mention": ["印度洋", "灯笼鱼"]}, {"id": 289, "sentence": "Nicholson位于哪个国家？", "mention": ["Nicholson"]}, {"id": 290, "sentence": "以云杉为州树的州，州长是谁？", "mention": ["云杉"]}, {"id": 291, "sentence": "通行西里尔蒙古文的国家有主要有哪些宗教？", "mention": ["西里尔蒙古文"]}, {"id": 292, "sentence": "托尔斯泰的逝世日期是？", "mention": ["托尔斯泰"]}, {"id": 293, "sentence": "俄罗斯的现实主义哲学家有？", "mention": ["俄罗斯", "现实主义哲学家"]}, {"id": 294, "sentence": "古希腊有哪些哲学家？", "mention": ["古希腊", "哲学家"]}, {"id": 295, "sentence": "古希腊哲学家的老师？", "mention": ["古希腊哲学家"]}, {"id": 296, "sentence": "李渊的孩子？", "mention": ["李渊"]}, {"id": 297, "sentence": "哪些朝代有庙号为高祖的皇帝？", "mention": ["高祖", "皇帝"]}, {"id": 298, "sentence": "乞力马扎罗山的平均高度是多少？", "mention": ["乞力马扎罗山"]}, {"id": 299, "sentence": "参与第三次十字军东征的国家有哪些？", "mention": ["第三次十字军东征"]}, {"id": 300, "sentence": "神圣罗马帝国建立于哪一年？", "mention": ["神圣罗马帝国"]}, {"id": 301, "sentence": "神圣罗马帝国的开国皇帝是谁？", "mention": ["神圣罗马帝国"]}, {"id": 302, "sentence": "神圣罗马帝国的最后一个皇帝是谁？", "mention": ["神圣罗马帝国"]}, {"id": 303, "sentence": "电影《天国王朝》的导演是谁？", "mention": ["天国王朝"]}, {"id": 304, "sentence": "浮世绘名作神奈川冲浪图的作者是谁？", "mention": ["浮世绘", "神奈川冲浪图"]}, {"id": 305, "sentence": "日本浮世绘大师葛饰北斋逝世于哪一年？", "mention": ["葛饰北斋"]}, {"id": 306, "sentence": "河南省城市南阳市的邮政编码是多少？", "mention": ["南阳市"]}, {"id": 307, "sentence": "悬疑小说《13个难题》是谁写的？", "mention": ["13个难题"]}, {"id": 308, "sentence": "庞贝古城是哪个国家的旅游胜地？", "mention": ["庞贝"]}, {"id": 309, "sentence": "2010年发生大地震的海地在哪个大洲？", "mention": ["2010年", "海地"]}, {"id": 310, "sentence": "有\"狮心王\"之称的皇帝理查一世属于英国的哪个王朝？", "mention": ["狮心王", "理查一世", "英国"]}, {"id": 311, "sentence": "查理曼大帝是哪个国家的皇帝？", "mention": ["查理曼大帝"]}, {"id": 312, "sentence": "\"竹林七贤\"是哪个朝代的名士团体？", "mention": ["竹林七贤"]}, {"id": 313, "sentence": "经典动画《星际牛仔》的导演是谁？", "mention": ["星际牛仔"]}, {"id": 314, "sentence": "齐桓公的本名是什么？", "mention": ["齐桓公"]}, {"id": 315, "sentence": "北大方正集团成立于哪一年？", "mention": ["北大方正集团"]}, {"id": 316, "sentence": "知名朋克摇滚乐队性手枪成立于哪一年？", "mention": ["朋克摇滚", "性手枪"]}, {"id": 317, "sentence": "大熊座里最亮的星星是哪颗？", "mention": ["大熊座"]}, {"id": 318, "sentence": "旅游胜地巴厘岛面积有多大？", "mention": ["巴厘岛"]}, {"id": 319, "sentence": "世界上最小的国家梵蒂冈有多大？", "mention": ["梵蒂冈"]}, {"id": 320, "sentence": "独裁官凯撒同时也是一名作者，他有哪些代表作品？", "mention": ["独裁官凯撒"]}, {"id": 321, "sentence": "印度的国花是什么？", "mention": ["印度"]}, {"id": 322, "sentence": "天花的传播途径是什么？", "mention": ["天花"]}, {"id": 323, "sentence": "典故\"鸿门宴\"出自哪个作者的笔下？", "mention": ["鸿门宴"]}, {"id": 324, "sentence": "漫画《海贼王》的作者最崇拜哪个漫画家？", "mention": ["海贼王"]}, {"id": 325, "sentence": "歌手坂本真绫的丈夫是什么职业？", "mention": ["坂本真绫"]}, {"id": 326, "sentence": "小说《红高粱》的作者毕业于哪所大学？", "mention": ["红高粱"]}, {"id": 327, "sentence": "《三体》的作者故乡是哪里？", "mention": ["三体"]}, {"id": 328, "sentence": "导演诺兰和演员休•杰克曼合作的电影有哪些？", "mention": ["诺兰", "休•杰克曼"]}, {"id": 329, "sentence": "导演渡边信一郎和音乐人菅野洋子合作完成过哪些作品？", "mention": ["渡边信一郎", "菅野洋子"]}, {"id": 330, "sentence": "温子仁导演的动作片有哪些？", "mention": ["温子仁", "动作"]}, {"id": 331, "sentence": "给我推荐几部育碧开发的即时战略游戏？", "mention": ["育碧", "即时战略"]}, {"id": 332, "sentence": "有\"法鲨\"外号的演员迈克尔•法斯宾德出演过哪些科幻片？", "mention": ["法鲨", "迈克尔•法斯宾德", "科幻"]}, {"id": 333, "sentence": "电影《天国王朝》的导演是哪个国家的？", "mention": ["天国王朝"]}, {"id": 334, "sentence": "北美洲有哪些议会制君主立宪制的国家？", "mention": ["北美洲", "议会制君主立宪制"]}, {"id": 335, "sentence": "非洲有哪些说英语而且信奉新教的国家？", "mention": ["非洲", "英语", "新教"]}, {"id": 336, "sentence": "有着\"恐怖的伊凡\"之称的沙皇伊凡四世是一名暴君但也是一名虔诚的信徒，他信奉的宗教有着怎样的宗教主张？", "mention": ["恐怖的伊凡", "沙皇伊凡四世"]}, {"id": 337, "sentence": "\"麻风王\"鲍德温四世的出生地现在属于哪个国家？", "mention": ["麻风王", "鲍德温四世"]}, {"id": 338, "sentence": "澳大利亚首都的邮编是多少？", "mention": ["澳大利亚"]}, {"id": 339, "sentence": "非洲有哪些半总统共和制的国家？", "mention": ["非洲", "半总统共和制"]}, {"id": 340, "sentence": "推荐一些\"卷福\"本尼迪克特·康伯巴奇出演的动作片？", "mention": ["卷福\"本尼迪克特·康伯巴奇", "动作"]}, {"id": 341, "sentence": "印度尼西亚的首都有什么别称？", "mention": ["印度尼西亚"]}, {"id": 342, "sentence": "甄子丹出演过哪些美国电影？", "mention": ["甄子丹", "美国"]}, {"id": 343, "sentence": "周星驰和刘德华合作过哪些电影？", "mention": ["周星驰", "刘德华"]}, {"id": 344, "sentence": "《百年孤独》的作者是哪个国家的？", "mention": ["百年孤独"]}, {"id": 345, "sentence": "《海边的卡夫卡》是一部很有趣的小说，它的作者还有哪些代表性作品？", "mention": ["海边的卡夫卡"]}, {"id": 346, "sentence": "暴雪游戏中的邪恶组织暗影议会的首领是什么种族的？", "mention": ["暗影议会"]}, {"id": 347, "sentence": "国家地理杂志是由哪个单位主办的？", "mention": ["国家地理杂志"]}, {"id": 348, "sentence": "M416突击步枪是由哪个国家制造的？", "mention": ["M416突击步枪"]}, {"id": 349, "sentence": "腾讯公司有多少员工？", "mention": ["腾讯"]}, {"id": 350, "sentence": "马化腾的英文名是什么？", "mention": ["马化腾"]}, {"id": 351, "sentence": "科威特的官方语言是什么？", "mention": ["科威特"]}, {"id": 352, "sentence": "李易峰毕业于哪个学校？", "mention": ["李易峰"]}, {"id": 353, "sentence": "天下霸唱的原名是什么？", "mention": ["天下霸唱"]}, {"id": 354, "sentence": "歌曲《爱情是圆的》的原唱是谁？", "mention": ["爱情是圆的"]}, {"id": 355, "sentence": "我们所熟悉的填词人林夕的本名叫什么？", "mention": ["林夕"]}, {"id": 356, "sentence": "欧洲国家爱尔兰的别称是什么？", "mention": ["爱尔兰"]}, {"id": 357, "sentence": "重庆位于中国的哪个地区？", "mention": ["重庆"]}, {"id": 358, "sentence": "我们常用的网站知乎的口号是什么？", "mention": ["知乎"]}, {"id": 359, "sentence": "耐克公司的总部在哪里？", "mention": ["耐克"]}, {"id": 360, "sentence": "汉武帝葬在哪里？", "mention": ["汉武帝"]}, {"id": 361, "sentence": "爱新觉罗·多尔衮的父亲是谁？", "mention": ["爱新觉罗·多尔衮"]}, {"id": 362, "sentence": "电影《爱乐之城》是由谁导演的？", "mention": ["爱乐之城"]}, {"id": 363, "sentence": "开心麻花的宗旨是什么？", "mention": ["开心麻花"]}, {"id": 364, "sentence": "说相声的德云社是由谁创办的？", "mention": ["德云社"]}, {"id": 365, "sentence": "歌手李荣浩是在中国的哪个地方出生的？", "mention": ["李荣浩"]}, {"id": 366, "sentence": "歌手及演员杨丞琳有多高？", "mention": ["杨丞琳"]}, {"id": 367, "sentence": "木星的公转周期是多长？", "mention": ["木星"]}, {"id": 368, "sentence": "冥王星是由谁命名的？", "mention": ["冥王星"]}, {"id": 369, "sentence": "冥王星有多重？", "mention": ["冥王星"]}, {"id": 370, "sentence": "已知的最亮的恒星是哪一颗？", "mention": ["恒星"]}, {"id": 371, "sentence": "已知的最大的恒星是哪一颗？", "mention": ["恒星"]}, {"id": 372, "sentence": "冥王星的发现者是哪一天出生的？", "mention": ["冥王星"]}, {"id": 373, "sentence": "大风歌的作者在位多长时间？", "mention": ["大风歌"]}, {"id": 374, "sentence": "推翻了秦朝并斩蛇起义的是中国历史上哪位皇帝？", "mention": ["推翻了秦朝并斩蛇起义"]}, {"id": 375, "sentence": "易水歌的作者的主要事迹是什么？", "mention": ["易水歌"]}, {"id": 376, "sentence": "广寒仙子的恋人最为人熟知的事迹是什么？", "mention": ["广寒仙子"]}, {"id": 377, "sentence": "炎帝最小的女儿有什么故事？", "mention": ["炎帝最小的女儿"]}, {"id": 378, "sentence": "著名的涿鹿之战的指挥官的妻子是谁？", "mention": ["涿鹿之战"]}, {"id": 379, "sentence": "西陵嫘祖的配偶所属部落的标记是什么？", "mention": ["西陵嫘祖"]}, {"id": 380, "sentence": "本草纲目的作者信仰哪个教派？", "mention": ["本草纲目"]}, {"id": 381, "sentence": "托塔天王李靖的子女中使用乾坤圈的是哪位？", "mention": ["李靖", "乾坤圈"]}, {"id": 382, "sentence": "哪吒使用的宝物的外形特点是什么？", "mention": ["哪吒"]}, {"id": 383, "sentence": "助周伐纣的神话人物中位列昆仑十二金仙的是谁？", "mention": ["助周伐纣", "昆仑十二金仙"]}, {"id": 384, "sentence": "坐骑为丹顶鹤并且使用九龙神火罩的神话人物是是谁？", "mention": ["丹顶鹤", "九龙神火罩"]}, {"id": 385, "sentence": "在乾元山金光洞修行的仙人的法宝是什么？", "mention": ["乾元山金光洞", "仙人"]}, {"id": 386, "sentence": "使商朝势力扩展到江淮一带的君王的别称是什么？", "mention": ["商朝", "江淮"]}, {"id": 387, "sentence": "申公豹的师兄的本名是什么？", "mention": ["申公豹"]}, {"id": 388, "sentence": "八景宫灯的所有人都有哪些别称？", "mention": ["八景宫灯"]}, {"id": 389, "sentence": "西游记中金箍棒和七星剑是由谁制造的？", "mention": ["金箍棒", "七星剑"]}, {"id": 390, "sentence": "太上老君是用哪件宝物练出孙悟空的金箍棒的？", "mention": ["太上老君", "孙悟空"]}, {"id": 391, "sentence": "西游记中孙悟空所使用的兵器有多重？", "mention": ["孙悟空"]}, {"id": 392, "sentence": "在西游记中孙悟空的师父中与天地同寿的是谁？", "mention": ["孙悟空", "天地"]}, {"id": 393, "sentence": "孙悟空的师兄弟中原本住在流沙河的是谁？", "mention": ["孙悟空", "流沙河"]}, {"id": 394, "sentence": "玉皇大帝的诞辰俗称什么？", "mention": ["玉皇大帝"]}, {"id": 395, "sentence": "《封神演义》中使用八卦云光帕的人物的坐骑是什么？", "mention": ["八卦云光帕"]}, {"id": 396, "sentence": "《封神演义》中石矶娘娘的师父使用的功法是什么？", "mention": ["石矶娘娘"]}, {"id": 397, "sentence": "中南大学所属省份的车牌代码是什么？", "mention": ["中南大学"]}, {"id": 398, "sentence": "《九歌·云中君》的作者生在哪个国家？", "mention": ["九歌·云中君"]}, {"id": 399, "sentence": "是谁写下了\"亦余心之所向兮，虽九死其尤未悔\"？", "mention": ["亦余心之所向兮，虽九死其尤未悔"]}, {"id": 400, "sentence": "于小彤饰演了红楼梦中的哪个角色？", "mention": ["于小彤", "红楼梦"]}, {"id": 401, "sentence": "有东方之珠美称的地方的政治体制是什么？", "mention": ["东方之珠"]}, {"id": 402, "sentence": "2008年发行专辑《心跳》的歌手毕业于哪一所院校？", "mention": ["2008年", "心跳"]}, {"id": 403, "sentence": "获得第47届台湾电视金钟奖戏剧节目女主角奖的演员有多高？", "mention": ["第47届台湾电视金钟奖戏剧节目女主角奖"]}, {"id": 404, "sentence": "由徐克导演，于2010年出品的那部电影主演都有谁？", "mention": ["徐克", "2010年"]}, {"id": 405, "sentence": "ROMANCE OF OUR PARENTS的首播平台是？", "mention": ["ROMANCE OF OUR PARENTS"]}, {"id": 406, "sentence": "华盛顿大学的吉祥物原产地是哪里？", "mention": ["华盛顿大学"]}, {"id": 407, "sentence": "歌曲《最重要的决定》的原唱歌手信仰什么宗教？", "mention": ["最重要的决定"]}, {"id": 408, "sentence": "林依晨、陈柏霖和陈匡怡合作主演的作品有什么？", "mention": ["林依晨", "陈柏霖", "陈匡怡"]}, {"id": 409, "sentence": "著有《送友人弃官游江左》的那位诗人又有什么别名？", "mention": ["送友人弃官游江左"]}, {"id": 410, "sentence": "《咱们结婚吧》的哪一位主演毕业于中国劳动关系学院？", "mention": ["咱们结婚吧", "中国劳动关系学院"]}, {"id": 411, "sentence": "高圆圆主演，黄健中执导的作品有？", "mention": ["高圆圆", "黄健中"]}, {"id": 412, "sentence": "别称为太岁的行星是谁发现的？", "mention": ["太岁"]}, {"id": 413, "sentence": "被称为月亮湖的湖泊属于哪个国家？", "mention": ["月亮湖"]}, {"id": 414, "sentence": "Giraffe是什么的象征物？", "mention": ["Giraffe"]}, {"id": 415, "sentence": "无间道1的哪位主演同时出演了电影一代宗师？", "mention": ["无间道1", "一代宗师"]}, {"id": 416, "sentence": "著有《三吏》的诗人是哪一年逝世的？", "mention": ["三吏", "诗人"]}, {"id": 417, "sentence": "第九届金鹰节金鹰女神是哪个民族的？", "mention": ["第九届金鹰节金鹰女神"]}, {"id": 418, "sentence": "改革三省六部制度的帝王在位期间的年号是？", "mention": ["改革三省六部制度"]}, {"id": 419, "sentence": "张汉卿的妻子是？", "mention": ["张汉卿"]}, {"id": 420, "sentence": "被称做小燕子的女演员官方体重是多少呀？", "mention": ["小燕子"]}, {"id": 421, "sentence": "黄渤的经纪公司是？", "mention": ["黄渤"]}, {"id": 422, "sentence": "哪位男演员获得了第19届华鼎奖最佳男主角？", "mention": ["第19届华鼎奖最佳男主角"]}, {"id": 423, "sentence": "主持人柴静有哪些作品？", "mention": ["柴静"]}, {"id": 424, "sentence": "大家一般怎么称呼演员周迅？", "mention": ["周迅"]}, {"id": 425, "sentence": "请问香港特别行政区的首位行政长官是谁呢？", "mention": ["香港特别行政区"]}, {"id": 426, "sentence": "黄贯中毕业于哪一所高校呢 ？", "mention": ["黄贯中"]}, {"id": 427, "sentence": "梁家辉的妻子是谁？", "mention": ["梁家辉"]}, {"id": 428, "sentence": "五指峰景区是在哪里呢？", "mention": ["五指峰"]}, {"id": 429, "sentence": "厦门大学有着什么样的校训？", "mention": ["厦门大学"]}, {"id": 430, "sentence": "林黎胜毕业于哪一所高校？", "mention": ["林黎胜"]}, {"id": 431, "sentence": "是哪位女演员获得了2004年TVB最佳女主角？", "mention": ["2004年TVB最佳女主角"]}, {"id": 432, "sentence": "《新楚留香》的原著是哪位作家？", "mention": ["新楚留香"]}, {"id": 433, "sentence": "任贤齐的英文名字是什么？", "mention": ["任贤齐"]}, {"id": 434, "sentence": "从哪个网址可以访问天涯社区呢？", "mention": ["天涯社区"]}, {"id": 435, "sentence": "歌曲斑马是哪位歌手的代表作品？", "mention": ["斑马"]}, {"id": 436, "sentence": "想吃草莓奶冻需要准备什么食材呢？", "mention": ["草莓奶冻"]}, {"id": 437, "sentence": "剑南诗稿是谁的作品？", "mention": ["剑南诗稿"]}, {"id": 438, "sentence": "池上晚雨是什么朝代的作品？", "mention": ["池上晚雨"]}, {"id": 439, "sentence": "演员张静初出生在什么时候？", "mention": ["张静初"]}, {"id": 440, "sentence": "是谁写了时间移民这部作品？", "mention": ["时间移民"]}, {"id": 441, "sentence": "刘慈欣又被叫做什么？", "mention": ["刘慈欣"]}, {"id": 442, "sentence": "建议在西湖游玩多长时间呢？", "mention": ["西湖"]}, {"id": 443, "sentence": "蘑菇街的公仔牙牙出生在什么地方？", "mention": ["牙牙"]}, {"id": 444, "sentence": "西湖景区的湖中二塔是指？", "mention": ["西湖", "湖中二塔"]}, {"id": 445, "sentence": "西湖景区有多宽呢？", "mention": ["西湖"]}, {"id": 446, "sentence": "索尼公司的证券类型？", "mention": ["索尼公司"]}, {"id": 447, "sentence": "索尼公司的员工人数？", "mention": ["索尼公司"]}, {"id": 448, "sentence": "索尼公司的上市日期？", "mention": ["索尼公司"]}, {"id": 449, "sentence": "索尼公司的总股本？", "mention": ["索尼公司"]}, {"id": 450, "sentence": "索尼公司的市盈率？", "mention": ["索尼公司"]}, {"id": 451, "sentence": "美股的交易机制？", "mention": ["美股"]}, {"id": 452, "sentence": "美股最小交易单位？", "mention": ["美股"]}, {"id": 453, "sentence": "美股最大涨跌幅？", "mention": ["美股"]}, {"id": 454, "sentence": "汽车玻璃的上游是？", "mention": ["汽车玻璃"]}, {"id": 455, "sentence": "平安银行的全称是？", "mention": ["平安银行"]}, {"id": 456, "sentence": "平安银行股份有限公司的简称？", "mention": ["平安银行股份有限公司"]}, {"id": 457, "sentence": "平安银行的股票代码？", "mention": ["平安银行"]}, {"id": 458, "sentence": "平安银行的个股代码？", "mention": ["平安银行"]}, {"id": 459, "sentence": "000001的公司全称？", "mention": ["000001"]}, {"id": 460, "sentence": "000001的公司简称？", "mention": ["000001"]}, {"id": 461, "sentence": "可立克有哪些高管？", "mention": ["可立克"]}, {"id": 462, "sentence": "可立克的高管数量？", "mention": ["可立克"]}, {"id": 463, "sentence": "可立克有哪些男性高管？", "mention": ["可立克"]}, {"id": 464, "sentence": "可立克有哪些女性高管？", "mention": ["可立克"]}, {"id": 465, "sentence": "可立克有哪些高管年龄在50岁以上？", "mention": ["可立克", "50"]}, {"id": 466, "sentence": "可立克哪个高管年龄最大？", "mention": ["可立克"]}, {"id": 467, "sentence": "可立克哪个高管年龄最小？", "mention": ["可立克"]}, {"id": 468, "sentence": "可立克有哪些高管年纪不到50？", "mention": ["可立克", "50"]}, {"id": 469, "sentence": "可立克有哪些高管1970年前出生？", "mention": ["可立克", "1970"]}, {"id": 470, "sentence": "可立克董事长的出生时间？", "mention": ["可立克"]}, {"id": 471, "sentence": "可立克董事长的学历？", "mention": ["可立克"]}, {"id": 472, "sentence": "可立克董事长的上任时间？", "mention": ["可立克"]}, {"id": 473, "sentence": "可立克公司成立时间？", "mention": ["可立克"]}, {"id": 474, "sentence": "可立克有哪些高管硕士学历？", "mention": ["可立克"]}, {"id": 475, "sentence": "可立克有哪些高管本科学历？", "mention": ["可立克"]}, {"id": 476, "sentence": "可立克有哪些高管大专学历？", "mention": ["可立克"]}, {"id": 477, "sentence": "可立克的董事长？", "mention": ["可立克"]}, {"id": 478, "sentence": "可立克的第一任董事长？", "mention": ["可立克"]}, {"id": 479, "sentence": "可立克的监事会主席？", "mention": ["可立克"]}, {"id": 480, "sentence": "可立克的法人？", "mention": ["可立克"]}, {"id": 481, "sentence": "可立克的副董事长？", "mention": ["可立克"]}, {"id": 482, "sentence": "可立克的董事成员？", "mention": ["可立克"]}, {"id": 483, "sentence": "可立克的独立董事成员？", "mention": ["可立克"]}, {"id": 484, "sentence": "可立克的监事会成员？", "mention": ["可立克"]}, {"id": 485, "sentence": "可立克的监事会主席？", "mention": ["可立克"]}, {"id": 486, "sentence": "可立克的有几位副总经理？", "mention": ["可立克"]}, {"id": 487, "sentence": "可立克的职工监事是谁？", "mention": ["可立克"]}, {"id": 488, "sentence": "可立克的最新上任的独立董事是谁？", "mention": ["可立克"]}, {"id": 489, "sentence": "可立克第一任董事长的上任时间？", "mention": ["可立克"]}, {"id": 490, "sentence": "可立克的现任董事长的上任时间？", "mention": ["可立克"]}, {"id": 491, "sentence": "可立克的顾董国籍？", "mention": ["可立克"]}, {"id": 492, "sentence": "可立克的高管中外国国籍的有哪几位？", "mention": ["可立克"]}, {"id": 493, "sentence": "金自天正有博士后学历的高管是谁？", "mention": ["金自天正"]}, {"id": 494, "sentence": "金自天正高管的最高学历？", "mention": ["金自天正"]}, {"id": 495, "sentence": "金自天正的财务总监是谁？", "mention": ["金自天正"]}, {"id": 496, "sentence": "红豆股份的董事会秘书是谁？", "mention": ["红豆股份"]}, {"id": 497, "sentence": "红豆股份的创始人？", "mention": ["红豆股份"]}, {"id": 498, "sentence": "红豆股份的公司地址？", "mention": ["红豆股份"]}, {"id": 499, "sentence": "红豆股份的注册时间？", "mention": ["红豆股份"]}, {"id": 500, "sentence": "红豆股份的上市时间？", "mention": ["红豆股份"]}, {"id": 501, "sentence": "红豆股份的经营范围？", "mention": ["红豆股份"]}, {"id": 502, "sentence": "孟晓平在红豆股份担任了什么职务？", "mention": ["孟晓平", "红豆股份"]}, {"id": 503, "sentence": "潍柴重机的CEO？", "mention": ["潍柴重机"]}, {"id": 504, "sentence": "恒泰艾普的CFO？", "mention": ["恒泰艾普"]}, {"id": 505, "sentence": "大康农业的COO？", "mention": ["大康农业"]}, {"id": 506, "sentence": "三毛派神的人事行政总监？", "mention": ["三毛派神"]}, {"id": 507, "sentence": "香梨股份的副总裁？", "mention": ["香梨股份"]}, {"id": 508, "sentence": "捷成世纪的会计？", "mention": ["捷成世纪"]}, {"id": 509, "sentence": "招商银行的副行长？", "mention": ["招商银行"]}, {"id": 510, "sentence": "国盛金控的首席信息官？", "mention": ["国盛金控"]}, {"id": 511, "sentence": "百大集团的代理总经理？", "mention": ["百大集团"]}, {"id": 512, "sentence": "和而泰的人力资源主管？", "mention": ["和而泰"]}, {"id": 513, "sentence": "酒钢宏兴的代理董事会秘书,总经济师？", "mention": ["酒钢宏兴"]}, {"id": 514, "sentence": "华夏银行的代行行长？", "mention": ["华夏银行"]}, {"id": 515, "sentence": "老百姓的信息副总裁？", "mention": ["老百姓"]}, {"id": 516, "sentence": "康达尔的首席技术官？", "mention": ["康达尔"]}, {"id": 517, "sentence": "新华保险的首席财务官？", "mention": ["新华保险"]}, {"id": 518, "sentence": "青岛金王的首席运营官？", "mention": ["青岛金王"]}, {"id": 519, "sentence": "上海银行的首席风险官？", "mention": ["上海银行"]}, {"id": 520, "sentence": "TCL集团的助理总裁？", "mention": ["TCL集团"]}, {"id": 521, "sentence": "华西证券的合规负责人？", "mention": ["华西证券"]}, {"id": 522, "sentence": "博云新材的名誉董事长？", "mention": ["博云新材"]}, {"id": 523, "sentence": "招商银行的外部监事？", "mention": ["招商银行"]}, {"id": 524, "sentence": "长春高新的外部董事？", "mention": ["长春高新"]}, {"id": 525, "sentence": "圣邦股份的市场总监？", "mention": ["圣邦股份"]}, {"id": 526, "sentence": "中源协和的常务副总经理？", "mention": ["中源协和"]}, {"id": 527, "sentence": "浔兴股份的总会计书？", "mention": ["浔兴股份"]}, {"id": 528, "sentence": "浔兴股份的张健群担任了哪些职务？", "mention": ["浔兴股份", "张健群"]}, {"id": 529, "sentence": "通威股份的总审计师？", "mention": ["通威股份"]}, {"id": 530, "sentence": "中国太保的总精算师？", "mention": ["中国太保"]}, {"id": 531, "sentence": "中文在线的执行总经理？", "mention": ["中文在线"]}, {"id": 532, "sentence": "青岛啤酒的执行董事？", "mention": ["青岛啤酒"]}, {"id": 533, "sentence": "长城汽车的技术研究院试验中心总工程师？", "mention": ["长城汽车"]}, {"id": 534, "sentence": "纳思达的技术负责人？", "mention": ["纳思达"]}, {"id": 535, "sentence": "永兴特钢的经理助理？", "mention": ["永兴特钢"]}, {"id": 536, "sentence": "铁汉生态的联席总裁？", "mention": ["铁汉生态"]}, {"id": 537, "sentence": "岭南股份的股东监事？", "mention": ["岭南股份"]}, {"id": 538, "sentence": "新华都的董事会办公室主任？", "mention": ["新华都"]}, {"id": 539, "sentence": "步长制药的采购副总裁？", "mention": ["步长制药"]}, {"id": 540, "sentence": "步长制药负责采购的总裁是？", "mention": ["步长制药"]}, {"id": 541, "sentence": "在中金黄金担任财务负责人,总会计师的是谁？", "mention": ["中金黄金"]}, {"id": 542, "sentence": "中国大陆银行类别？", "mention": ["中国大陆银行"]}, {"id": 543, "sentence": "中央银行的简称？", "mention": ["中央银行"]}, {"id": 544, "sentence": "中央银行的全称？", "mention": ["中央银行"]}, {"id": 545, "sentence": "商业银行类别？", "mention": ["商业银行"]}, {"id": 546, "sentence": "中国五大行？", "mention": ["中国五大"]}, {"id": 547, "sentence": "马云的妻子？", "mention": ["马云"]}, {"id": 548, "sentence": "阿里巴巴创始人？", "mention": ["阿里巴巴"]}, {"id": 549, "sentence": "鄢建兵的前妻是谁？", "mention": ["鄢建兵"]}, {"id": 550, "sentence": "可转换债券的三个特点？", "mention": ["可转换债券"]}, {"id": 551, "sentence": "北京有几家湘财证券的营业部？", "mention": ["北京", "湘财证券"]}, {"id": 552, "sentence": "建国门湘财证券营业部地址？", "mention": ["建国门湘财证券"]}, {"id": 553, "sentence": "我家在朝阳区，附近有哪几家湘财证券营业部？", "mention": ["朝阳", "湘财证券"]}, {"id": 554, "sentence": "朝阳门外大街上有湘财证券的营业部吗？", "mention": ["朝阳门外大街", "湘财证券"]}, {"id": 555, "sentence": "海淀区的湘财证券营业部叫什么？", "mention": ["海淀", "湘财证券"]}, {"id": 556, "sentence": "恒生指数的缩写？", "mention": ["恒生指数"]}, {"id": 557, "sentence": "MACD指标的中文全称？", "mention": ["MACD指标"]}, {"id": 558, "sentence": "常用的KDJ参数？", "mention": ["KDJ"]}, {"id": 559, "sentence": "信用卡类别？", "mention": ["信用卡"]}, {"id": 560, "sentence": "基金种类？", "mention": ["基金"]}, {"id": 561, "sentence": "投资者申请赎回基金，几天后可查询？", "mention": ["投资者申请赎回基金"]}, {"id": 562, "sentence": "基金开户途径？", "mention": ["基金"]}, {"id": 563, "sentence": "投资银行经营业务？", "mention": ["投资银行"]}, {"id": 564, "sentence": "投资银行的四种类型？", "mention": ["投资银行"]}, {"id": 565, "sentence": "证券承销的方式？", "mention": ["证券承销"]}, {"id": 566, "sentence": "股份有限公司的设立方式？", "mention": ["股份有限公司"]}, {"id": 567, "sentence": "股份有限公司的组织机构主要包括？", "mention": ["股份有限公司"]}, {"id": 568, "sentence": "股份公司的清算方式？", "mention": ["股份公司"]}, {"id": 569, "sentence": "货币的种类？", "mention": ["货币"]}, {"id": 570, "sentence": "中国最早的货币是什么？", "mention": ["中国"]}, {"id": 571, "sentence": "货币的一般发行方？", "mention": ["货币"]}, {"id": 572, "sentence": "涨停方式分类？", "mention": ["涨停"]}, {"id": 573, "sentence": "我国公积金的种类？", "mention": ["公积金"]}, {"id": 574, "sentence": "外汇期货合约的交割月份？", "mention": ["外汇期货合约"]}, {"id": 575, "sentence": "外汇期货英镑的代号是？", "mention": ["英镑"]}, {"id": 576, "sentence": "八种主要货币的外汇期货？", "mention": ["外汇期货"]}, {"id": 577, "sentence": "港交所的全称？", "mention": ["港交所"]}, {"id": 578, "sentence": "港交所的竞价时段？", "mention": ["港交所"]}, {"id": 579, "sentence": "港交所的早市交易时段？", "mention": ["港交所"]}, {"id": 580, "sentence": "港交所的延续早市交易时段？", "mention": ["港交所"]}, {"id": 581, "sentence": "港交所的午后（下午）交易时段？", "mention": ["港交所", "午后（下午"]}, {"id": 582, "sentence": "香港交易所什么时候成为恒生指数成份股？", "mention": ["香港交易所", "恒生指数"]}, {"id": 583, "sentence": "移动平均线是谁提出的？", "mention": ["移动平均线"]}, {"id": 584, "sentence": "百度(中国)的大股东参股了哪几家公司？", "mention": ["百度(中国"]}, {"id": 585, "sentence": "恒生指数包含哪些？", "mention": ["恒生指数"]}, {"id": 586, "sentence": "股本概念分类？", "mention": ["股本概念"]}, {"id": 587, "sentence": "蓝筹股的类别？", "mention": ["蓝筹股"]}, {"id": 588, "sentence": "开通股票账户的费用项？", "mention": ["开通股票账户"]}, {"id": 589, "sentence": "分时K线的种类？", "mention": ["分时K线"]}, {"id": 590, "sentence": "国内的基金评级机构？", "mention": ["国内", "基金"]}, {"id": 591, "sentence": "分级债券基金可分为哪些？", "mention": ["分级债券基金"]}, {"id": 592, "sentence": "杠杆基金有哪些？", "mention": ["杠杆基金"]}, {"id": 593, "sentence": "股票(指数)分级基金的分级模式主要有哪些？", "mention": ["股票(指数)分级基金"]}, {"id": 594, "sentence": "买新三板的股票要开什么权限？", "mention": ["新三板"]}, {"id": 595, "sentence": "有哪几类信托产品？", "mention": ["信托"]}, {"id": 596, "sentence": "证券类信托理财产品的相关费用主要有哪些？", "mention": ["证券类信托理财产品"]}, {"id": 597, "sentence": "信托产品的发行机构？", "mention": ["信托产品"]}, {"id": 598, "sentence": "基金资管产品的发行机构？", "mention": ["基金资管产品"]}, {"id": 599, "sentence": "信托产品有投资期限吗？", "mention": ["信托产品"]}, {"id": 600, "sentence": "资产管理业务委托方包含哪些？", "mention": ["资产管理业务"]}, {"id": 601, "sentence": "中国国库券的最短期限？", "mention": ["中国国库券"]}, {"id": 602, "sentence": "国库券什么时候首次发行？", "mention": ["国库券"]}, {"id": 603, "sentence": "国库券的债务人？", "mention": ["国库券"]}, {"id": 604, "sentence": "保险公司可采取的组织形式？", "mention": ["保险公司"]}, {"id": 605, "sentence": "保险代理人的分类？", "mention": ["保险代理人"]}, {"id": 606, "sentence": "保险公估人的职能？", "mention": ["保险公估人"]}, {"id": 607, "sentence": "保险准备金包括？", "mention": ["保险准备金"]}, {"id": 608, "sentence": "保险费率组成？", "mention": ["保险费率"]}, {"id": 609, "sentence": "保险费率厘定的基本原则？", "mention": ["保险费率"]}, {"id": 610, "sentence": "保险公司分摊损失的方法？", "mention": ["保险公司"]}, {"id": 611, "sentence": "金融期货主要种类？", "mention": ["金融期货"]}, {"id": 612, "sentence": "货币期货的主要交易场所？", "mention": ["货币期货"]}, {"id": 613, "sentence": "场内交易的金融期权主要包括？", "mention": ["场内交易", "金融期权"]}, {"id": 614, "sentence": "金融远期合约的主要类型？", "mention": ["金融远期合约"]}, {"id": 615, "sentence": "处于领先地位的ETF期权交易市场？", "mention": ["ETF期权交易市场"]}, {"id": 616, "sentence": "外汇期权的种类？", "mention": ["外汇期权"]}, {"id": 617, "sentence": "股指期货的三大要务？", "mention": ["股指期货"]}, {"id": 618, "sentence": "从事保险活动需要了解的法律？", "mention": ["保险"]}, {"id": 619, "sentence": "中国首家赤道银行？", "mention": ["中国", "赤道银行"]}, {"id": 620, "sentence": "多德-弗兰克法案的正式通过是在哪一年？", "mention": ["多德-弗兰克法案"]}, {"id": 621, "sentence": "金融监管有哪些方式？", "mention": ["金融监管"]}, {"id": 622, "sentence": "现有的金融监管结构？", "mention": []}, {"id": 623, "sentence": "金融监管治理的要素？", "mention": ["金融监管"]}, {"id": 624, "sentence": "逆周期金融监管的内容有哪些？", "mention": ["逆周期金融"]}, {"id": 625, "sentence": "权证的基本要素？", "mention": ["权证"]}, {"id": 626, "sentence": "A股实行的交收制度？", "mention": ["A股"]}, {"id": 627, "sentence": "港股实行的交收制度？", "mention": ["港股"]}, {"id": 628, "sentence": "银行融资的主要手段？", "mention": ["银行融资"]}, {"id": 629, "sentence": "混合型融资方式包括哪些？", "mention": ["混合型融资"]}, {"id": 630, "sentence": "家族办公室的资本管理对象？", "mention": ["家族办公室"]}, {"id": 631, "sentence": "外汇理财的主要品种？", "mention": ["外汇理财"]}, {"id": 632, "sentence": "外币储蓄存款的四大类型？", "mention": ["外币储蓄存款"]}, {"id": 633, "sentence": "理财顾问的付费方式？", "mention": ["理财顾问"]}, {"id": 634, "sentence": "余额宝正式上线时间？", "mention": ["余额宝"]}, {"id": 635, "sentence": "银信合作理财产品？", "mention": ["银信"]}, {"id": 636, "sentence": "欧美黄金市场上交易黄金，使用的计量单位？", "mention": ["欧美黄金", "黄金"]}, {"id": 637, "sentence": "黄金市场指数的代表？", "mention": ["黄金市场指数"]}, {"id": 638, "sentence": "伦敦国际黄金市场上的黄金现货交易方式？", "mention": ["伦敦国际黄金市场", "黄金"]}, {"id": 639, "sentence": "黄金期货交易的标准量？", "mention": ["黄金期货"]}, {"id": 640, "sentence": "世界四大证券交易所是哪4个？", "mention": ["世界四大证券交易所"]}, {"id": 641, "sentence": "上海证券交易所成立时间？", "mention": ["上海证券交易所"]}, {"id": 642, "sentence": "国内的期货交易所有哪几家？", "mention": ["国内", "期货交易所"]}, {"id": 643, "sentence": "正规期货交易平台有哪些？", "mention": ["正规期货交易"]}, {"id": 644, "sentence": "股指期货的开盘时间？", "mention": ["股指期货"]}, {"id": 645, "sentence": "股指期货的收盘时间？", "mention": ["股指期货"]}, {"id": 646, "sentence": "中金所期货指数IF是什么英文单词的缩写？", "mention": ["中金所期货指数IF"]}, {"id": 647, "sentence": "中金所期货指数IH是什么意思？", "mention": ["中金所期货指数IH"]}, {"id": 648, "sentence": "金融衍生工具中option是什么意思？", "mention": ["option"]}, {"id": 649, "sentence": "金融衍生工具中forward是什么意思？", "mention": ["forward"]}, {"id": 650, "sentence": "金融衍生工具中futures是什么意思？", "mention": ["futures"]}, {"id": 651, "sentence": "上海期货交易所的可交易品类有哪些？", "mention": ["上海期货交易所"]}, {"id": 652, "sentence": "大连商品交易所的可交易品种有哪些？", "mention": ["大连商品交易所"]}, {"id": 653, "sentence": "郑州商品交易所的可交易品种都包括什么？", "mention": ["郑州商品交易所"]}, {"id": 654, "sentence": "上海国际能源交易中心的可交易品种有什么？", "mention": ["上海国际能源交易中心"]}, {"id": 655, "sentence": "上海国际能源交易中心的可交易品种有几个？", "mention": ["上海国际能源交易中心"]}, {"id": 656, "sentence": "中国金融期货交易所的可交易品种有哪些？", "mention": ["中国金融期货交易所"]}, {"id": 657, "sentence": "商品期货的集合竞价时间在什么时候？", "mention": ["商品期货"]}, {"id": 658, "sentence": "中国十大保险公司？", "mention": ["中国十大保险公司"]}, {"id": 659, "sentence": "中国平安的客服电话是多少？", "mention": ["中国平安"]}, {"id": 660, "sentence": "GPIC是什么保险公司？", "mention": ["GPIC"]}, {"id": 661, "sentence": "人们常说的\"五险一金\"都指的是什么？", "mention": ["五险一金"]}, {"id": 662, "sentence": "责任保险分类？", "mention": ["责任保险"]}, {"id": 663, "sentence": "保险的四项基本原则是什么？", "mention": ["保险"]}, {"id": 664, "sentence": "保险中三差的是指什么？", "mention": ["三差"]}, {"id": 665, "sentence": "平安保险有哪几种啊？", "mention": ["平安保险"]}, {"id": 666, "sentence": "平安保险诞生时间？", "mention": ["平安保险"]}, {"id": 667, "sentence": "中国平安的公司口号？", "mention": ["中国平安"]}, {"id": 668, "sentence": "中国平安的总部地点？", "mention": ["中国平安"]}, {"id": 669, "sentence": "平安银行的注册资本？", "mention": ["平安银行"]}, {"id": 670, "sentence": "人民币的货币符号是什么？", "mention": ["人民币"]}, {"id": 671, "sentence": "港元的货币符号是什么？", "mention": ["港元"]}, {"id": 672, "sentence": "中华人民共和国大陆地区的法定货币是什么？", "mention": ["中华人民共和国大陆"]}, {"id": 673, "sentence": "人民币发行方？", "mention": ["人民币"]}, {"id": 674, "sentence": "人民币的基本单位？", "mention": ["人民币"]}, {"id": 675, "sentence": "第五套人民币的发行时间？", "mention": ["第五套人民币"]}, {"id": 676, "sentence": "第四套人民币的退出流通时间？", "mention": ["第四套人民币"]}, {"id": 677, "sentence": "第一套人民币的最大面额？", "mention": ["第一套人民币"]}, {"id": 678, "sentence": "第五套人民币硬币的券别？", "mention": ["第五套人民币硬币"]}, {"id": 679, "sentence": "第五套人民币纸币的最小面额？", "mention": ["第五套人民币纸币"]}, {"id": 680, "sentence": "第29届奥林匹克运动会纪念钞面额？", "mention": ["第29届奥林匹克运动会纪念钞"]}, {"id": 681, "sentence": "第29届奥林匹克运动会纪念钞的发行量？", "mention": ["第29届奥林匹克运动会纪念钞"]}, {"id": 682, "sentence": "货币市场基金信用等级的划分类别？", "mention": ["货币市场基金"]}, {"id": 683, "sentence": "长期资金借贷必须坚持的基本原则？", "mention": ["长期资金借贷"]}, {"id": 684, "sentence": "人民币兑外币市场支持哪些货币的即期交易？", "mention": ["人民币兑外币市场"]}, {"id": 685, "sentence": "人民币兑外币市场的交易方式？", "mention": ["人民币兑外币市场"]}, {"id": 686, "sentence": "可转让大额定期存单的签发方？", "mention": ["可转让大额定期存单"]}, {"id": 687, "sentence": "银行发行可转让大额定期存单的方式？", "mention": ["银行", "可转让大额定期存单"]}, {"id": 688, "sentence": "典当市场的构成主体？", "mention": ["典当市场"]}, {"id": 689, "sentence": "短期证券市场的构成？", "mention": ["短期证券市场"]}, {"id": 690, "sentence": "美国货币市场构成？", "mention": ["美国"]}, {"id": 691, "sentence": "商业票据的发行者主要有？", "mention": ["商业票据"]}, {"id": 692, "sentence": "商业票据市场的类型？", "mention": ["商业票据市场"]}, {"id": 693, "sentence": "商业票据的发行方式？", "mention": ["商业票据"]}, {"id": 694, "sentence": "私募市场运作工具有哪些？", "mention": ["私募市场"]}, {"id": 695, "sentence": "信贷市场的构成主体？", "mention": ["信贷市场"]}, {"id": 696, "sentence": "贷款期限组成？", "mention": ["贷款期限"]}, {"id": 697, "sentence": "纪念币的分类？", "mention": ["纪念币"]}, {"id": 698, "sentence": "比特币的发明人？", "mention": ["比特币"]}, {"id": 699, "sentence": "比特币最大的特点是什么？", "mention": ["比特币"]}, {"id": 700, "sentence": "货币的五大职能？", "mention": ["货币"]}, {"id": 701, "sentence": "电子货币的种类？", "mention": ["电子货币"]}, {"id": 702, "sentence": "黄金交易指定的清算银行有哪些？", "mention": ["黄金交易"]}, {"id": 703, "sentence": "维力医疗有哪些高管？", "mention": ["维力医疗"]}, {"id": 704, "sentence": "维力医疗的高管数量？", "mention": ["维力医疗"]}, {"id": 705, "sentence": "维力医疗有哪些男性高管？", "mention": ["维力医疗", "男"]}, {"id": 706, "sentence": "维力医疗有哪些女性高管？", "mention": ["维力医疗"]}, {"id": 707, "sentence": "维力医疗女性高管的数量？", "mention": ["维力医疗"]}, {"id": 708, "sentence": "维力医疗有哪些高管年龄在50岁以上？", "mention": ["维力医疗", "50岁"]}, {"id": 709, "sentence": "维力医疗哪个高管年龄最大？", "mention": ["维力医疗"]}, {"id": 710, "sentence": "维力医疗哪个高管年龄最小？", "mention": ["维力医疗"]}, {"id": 711, "sentence": "维力医疗有哪些高管年纪不到50？", "mention": ["维力医疗", "50"]}, {"id": 712, "sentence": "维力医疗有哪些高管1970年前出生？", "mention": ["维力医疗", "1970"]}, {"id": 713, "sentence": "维力医疗董事长是谁？", "mention": ["维力医疗"]}, {"id": 714, "sentence": "维力医疗董事长的出生时间？", "mention": ["维力医疗"]}, {"id": 715, "sentence": "维力医疗董事长的学历？", "mention": ["维力医疗"]}, {"id": 716, "sentence": "维力医疗董事长的上任时间？", "mention": ["维力医疗"]}, {"id": 717, "sentence": "维力医疗公司成立时间？", "mention": ["维力医疗公司"]}, {"id": 718, "sentence": "维力医疗公司全称？", "mention": ["维力医疗"]}, {"id": 719, "sentence": "维力医疗有哪些高管硕士学历？", "mention": ["维力医疗"]}, {"id": 720, "sentence": "维力医疗有哪些高管本科学历？", "mention": ["维力医疗"]}, {"id": 721, "sentence": "维力医疗有哪些高管大专学历？", "mention": ["维力医疗"]}, {"id": 722, "sentence": "维力医疗的董事长？", "mention": ["维力医疗"]}, {"id": 723, "sentence": "维力医疗的第一任董事长？", "mention": ["维力医疗"]}, {"id": 724, "sentence": "维力医疗的副董事长？", "mention": ["维力医疗"]}, {"id": 725, "sentence": "维力医疗的法人？", "mention": ["维力医疗"]}, {"id": 726, "sentence": "维力医疗的财务总监？", "mention": ["维力医疗"]}, {"id": 727, "sentence": "维力医疗的董事成员？", "mention": ["维力医疗"]}, {"id": 728, "sentence": "维力医疗的独立董事成员？", "mention": ["维力医疗"]}, {"id": 729, "sentence": "维力医疗的监事会成员？", "mention": ["维力医疗"]}, {"id": 730, "sentence": "维力医疗的监事会主席？", "mention": ["维力医疗"]}, {"id": 731, "sentence": "维力医疗的有几位副总经理？", "mention": ["维力医疗"]}, {"id": 732, "sentence": "维力医疗的职工监事是谁？", "mention": ["维力医疗"]}, {"id": 733, "sentence": "维力医疗的最新上任的独立董事是谁？", "mention": ["维力医疗", "独立董事"]}, {"id": 734, "sentence": "维力医疗的独立董事的上任时间？", "mention": ["维力医疗"]}, {"id": 735, "sentence": "维力医疗第一任董事长的上任时间？", "mention": ["维力医疗"]}, {"id": 736, "sentence": "维力医疗的向董国籍？", "mention": ["维力医疗"]}, {"id": 737, "sentence": "维力医疗的高管中谁拥有中国注册会计师证书？", "mention": ["维力医疗", "中国注册会计师"]}, {"id": 738, "sentence": "维力医疗的向董的毕业院校？", "mention": ["维力医疗"]}, {"id": 739, "sentence": "维力医疗的法人的毕业院校？", "mention": ["维力医疗"]}, {"id": 740, "sentence": "维力医疗的向董的硕士学位？", "mention": ["维力医疗"]}, {"id": 741, "sentence": "维力医疗的高管中的双学士学位是哪两个学位？", "mention": ["维力医疗", "双学士"]}, {"id": 742, "sentence": "维力医疗的高管中谁是复旦大学毕业的？", "mention": ["维力医疗", "复旦大学"]}, {"id": 743, "sentence": "维力医疗的陈云桂中拥有哪2两个专业的学士学位？", "mention": ["维力医疗", "陈云桂"]}, {"id": 744, "sentence": "维力医疗的舒杰在哪个学校毕业的？", "mention": ["维力医疗", "舒杰"]}, {"id": 745, "sentence": "维力医疗的舒杰毕业专业？", "mention": ["维力医疗", "舒杰"]}, {"id": 746, "sentence": "维力医疗的赵彤威毕业专业？", "mention": ["维力医疗", "赵彤威"]}, {"id": 747, "sentence": "维力医疗的赵彤威在哪个学校毕业的？", "mention": ["维力医疗", "赵彤威"]}, {"id": 748, "sentence": "维力医疗的高管中谁拥有法律专业的硕士学位？", "mention": ["维力医疗", "法律"]}, {"id": 749, "sentence": "维力医疗的高管中谁拥有高分子材料专业的硕士学位？", "mention": ["维力医疗", "高分子材料"]}, {"id": 750, "sentence": "维力医疗的谭文晖在哪些公司担任独立董事？", "mention": ["维力医疗", "谭文晖"]}, {"id": 751, "sentence": "维力医疗哪个高管曾任韦士泰董事长？", "mention": ["维力医疗", "韦士泰"]}, {"id": 752, "sentence": "维力医疗哪个高管曾任韦士泰的董事？", "mention": ["维力医疗", "韦士泰"]}, {"id": 753, "sentence": "维力医疗哪个高管曾被评为广州市青年技术创新标兵？", "mention": ["维力医疗", "广州市青年技术创新标兵"]}, {"id": 754, "sentence": "维力医疗哪个高管曾任番禺维力总经理？", "mention": ["维力医疗", "番禺维力"]}, {"id": 755, "sentence": "000016的公司名称是什么？", "mention": ["000016"]}, {"id": 756, "sentence": "康佳集团股份有限公司的公司简称？", "mention": ["康佳集团股份有限公司"]}, {"id": 757, "sentence": "康佳集团的非职工监事是谁？", "mention": ["康佳集团"]}, {"id": 758, "sentence": "康佳集团的总裁是谁？", "mention": ["康佳集团"]}, {"id": 759, "sentence": "康佳集团的副总裁是谁？", "mention": ["康佳集团"]}, {"id": 760, "sentence": "康佳集团的董事局主席是谁？", "mention": ["康佳集团"]}, {"id": 761, "sentence": "康佳集团的非独立董事有谁？", "mention": ["康佳集团", "非独立董事"]}, {"id": 762, "sentence": "康佳集团的董事会秘书是谁？", "mention": ["康佳集团"]}, {"id": 763, "sentence": "康佳集团的监事长是谁？", "mention": ["康佳集团"]}, {"id": 764, "sentence": "康佳集团的职工监事是谁？", "mention": ["康佳集团"]}, {"id": 765, "sentence": "康佳集团的财务总监是谁？", "mention": ["康佳集团"]}]