[{"id": 54, "sentence": "雍正皇帝在位期间的主要成就？", "pred_entity": ["<雍正皇帝_（爱新觉罗·胤禛）>", "<二月河文集·雍正皇帝（全三册）>", "\"雍正皇帝\"", "<雍正皇帝_（1991年周康瑜执导电视剧）>", "<雍正皇帝_（二月河创作的小说）>"], "mention": ["雍正皇帝"], "true_entity": ["<雍正_（清世宗年号）>"]}, {"id": 104, "sentence": "导演诺兰2017年的哪部作品出品了？", "pred_entity": ["\"2012年导演作品\"", "<2017年>", "<2017款伊兰特>"], "mention": ["诺兰2017年", "诺兰2017"], "true_entity": ["<诺兰_（英国导演）>", "\"2017\""]}, {"id": 121, "sentence": "洛克王国大冒险是由哪一家互联网公司开发的？", "pred_entity": ["<洛克王国大冒险_（2013年腾讯公司出品动画片）>", "<洛克王国大冒险小说>", "<洛克王国大冒险_（同名儿童音乐剧）>", "\"洛克王国大冒险\""], "mention": ["洛克王国大冒险"], "true_entity": ["<洛克王国大冒险1-8册>", "<互联网_（网际网络）>"]}, {"id": 122, "sentence": "百度文库由哪家公司经营？", "pred_entity": ["\"百度文库\"", "<百度文库>"], "mention": ["百度文库"], "true_entity": ["<百度文库合作平台>"]}, {"id": 158, "sentence": "被称为红军的足球俱乐部是？", "pred_entity": ["\"陆军足球俱乐部\"", "<空军足球俱乐部>", "<陆军足球俱乐部>", "<中国工农红军>", "\"红军\""], "mention": ["红军"], "true_entity": ["<足球>", "\"红军）\""]}, {"id": 170, "sentence": "linux的创始人毕业于哪个学校？", "pred_entity": ["<linux>", "\"毕业就开始创业\"", "<毕业就开始创业>", "\"linux\""], "mention": ["linux"], "true_entity": ["<Linxu系统>"]}, {"id": 186, "sentence": "德扑选手有哪些？", "pred_entity": ["<哪些人哪些事>", "<德州扑克扑>", "\"哪些人哪些事\""], "mention": ["德扑"], "true_entity": ["<德克萨斯扑克_（玩家对玩家的公共牌类游戏）>"]}, {"id": 191, "sentence": "魔术师约翰逊穿多少号球衣？", "pred_entity": ["\"“魔术师”约翰逊等\""], "mention": ["术师约翰逊"], "true_entity": ["\"Magic Johnson（魔术师约翰逊）\""]}, {"id": 201, "sentence": "火箭奥沙利文出生于哪里？", "pred_entity": ["\"马里奥火箭车\"", "<马里奥坐火箭>", "<基·奥沙利文>", "\"马里奥火箭筒\"", "\"马里奥坐火箭\"", "<马里奥火箭车>", "<马里奥火箭筒>", "\"马里奥火箭弹\"", "<马里奥火箭弹>"], "mention": ["火箭奥沙利文"], "true_entity": ["<罗尼·奥沙利文>"]}, {"id": 208, "sentence": "经典女香\"水之恋\"的品牌下还有哪些香水？", "pred_entity": ["<冷香水_（香水品牌）>", "<水之恋>"], "mention": ["水之恋"], "true_entity": ["<水之恋女士香水>"]}, {"id": 209, "sentence": "《小王子》的作者都有哪些代表作品？", "pred_entity": ["<小王子_（吉林动画学院儿童剧《小王子》）>", "<小王子_（法国2015年马克·奥斯本导演动画电影）>", "<小王子_（日本动画片小王子）>", "<影响孩子一生的课外必读丛书：小王子>", "\"代表作品有\"", "<小王子_（法国儿童文学短篇童话）>", "<阿尔法_（新疆籍演员、歌手）>", "<小王子_（世界上第三大的粉红钻石）>", "<小王子_（中英法暖心美绘动听典藏版）>", "\"小王子\"", "<林利豪>", "<小王子_（大牌传媒音乐剧《小王子》）>", "<严爵>"], "mention": ["小王子"], "true_entity": ["<小王子（中英文对照）>"]}, {"id": 219, "sentence": "情深深雨濛濛中\"白玫瑰\"的恋人叫？", "pred_entity": ["<白玫瑰_（鲍蕾主演电视剧）>", "<白玫瑰_（陈奕迅演唱歌曲）>", "<白玫瑰_（花卉）>", "<安燕_（主持人）>", "<陆依萍_（《烟雨濛濛》和《情深深雨濛濛》女主角）>", "<白玫瑰_（外语教学与研究出版社名著）>", "\"白玫瑰\"", "\"情深深，雨濛濛\"", "<白玫瑰与白玫瑰>", "<情深深，雨濛濛>", "\"情深深雨濛濛\"", "<白玫瑰_（白玫瑰（叶玉卿演唱歌曲））>", "<白玫瑰_（1992年张曼玉主演电影）>", "<蓝色情人>"], "mention": ["白玫瑰"], "true_entity": ["\"白玫瑰、依萍、依萍小姐\""]}, {"id": 229, "sentence": "被法国人民称为奥尔良的少女的是？", "pred_entity": ["\"奥尔良\"", "<法国>", "<奥尔良_（法国城市Orléans）>", "<被称为神的少年>", "<法国“响尾蛇”防空导弹>", "<费罗伦>", "<布兰瑞克>", "\"法国\"", "<中国—法国（法文）>", "<法国_（APA Publications主编图书）>", "<法国_（法兰西共和国）>", "<国法>", "<奥尔良_（法国足球俱乐部）>", "\"被称为神的少年\""], "mention": ["法国", "奥尔良"], "true_entity": ["<奥尔良少女>"]}, {"id": 243, "sentence": "赵薇林心如范冰冰主演的经常重播的神剧是？", "pred_entity": ["<神剧_（一种大型音乐作品）>", "\"神剧\"", "<白衣校花与大长腿>", "<神剧_（手机App）>", "<神剧_（汉语新词）>", "<剧神>", "\"赵冰薇\""], "mention": ["赵薇林心如范冰冰", "神剧"], "true_entity": ["<重播神剧>", "<范冰冰>", "<赵薇_（中国内地女演员、歌手、导演）>", "<林心如>"]}, {"id": 261, "sentence": "北京高校的现任校长有哪些？", "pred_entity": ["<北京高校>", "\"现任校长\""], "mention": ["北京高校"], "true_entity": ["<北京_（中华人民共和国首都）>"]}, {"id": 263, "sentence": "动物界鸟纲画眉科有哪些生物？", "pred_entity": ["<画眉鸟_（噪鹛属的一种鸟类）>", "<海鸟_（鸟纲动物）>", "<画眉鸟_（欧阳修诗词）>", "<画眉鸟_（古龙著《楚留香传奇》系列小说）>"], "mention": ["鸟纲画眉科"], "true_entity": ["<画眉科>"]}, {"id": 270, "sentence": "河北人创办的企业是？", "pred_entity": ["<创办你的企业>", "<河北区>", "<河北_（小行星）>", "<中沟村_（江苏省新沂市阿湖镇中沟村）>", "<北河_（地名）>", "<河北_（北京市房山区下辖的镇）>", "<河北_（中国省级行政区）>", "<榴城镇>", "<水川镇>", "<河北机械进出口有限公司>", "\"创办你的企业\"", "<北河_（通津河古称）>", "<河北成信玻璃钢设备有限公司>", "\"河北\"", "<河北>", "<河南省辉县市南村镇河北村>"], "mention": ["河北"], "true_entity": ["<湖北>"]}, {"id": 274, "sentence": "62年8月出生的全国劳模有？", "pred_entity": ["\"1982年8月全国“特级劳动模范”\"", "\"全国劳模\""], "mention": ["62年8月", "全国劳模"], "true_entity": ["\"1962-08\"", "\"全国劳动模范\""]}, {"id": 295, "sentence": "古希腊哲学家的老师？", "pred_entity": ["<古希腊哲学家>", "\"古希腊哲学家\""], "mention": ["古希腊哲学家"], "true_entity": ["<古希腊_（爱琴海-色雷斯文明圈的黄金时期）>", "<哲学家_（基础含义）>"]}, {"id": 308, "sentence": "庞贝古城是哪个国家的旅游胜地？", "pred_entity": ["\"庞贝古城\"", "<格涅乌斯·庞培>", "\"庞贝\"", "<庞贝_（罗伯特·哈里斯著作）>", "<POMPEII_（Bastille演唱歌曲）>"], "mention": ["庞贝"], "true_entity": ["<庞贝古城_（亚平宁半岛古城）>"]}, {"id": 320, "sentence": "独裁官凯撒同时也是一名作者，他有哪些代表作品？", "pred_entity": ["<独裁官>", "\"是指1950年代一些作品表现\""], "mention": ["独裁官凯撒"], "true_entity": ["<凯撒_（凯撒）>"]}, {"id": 348, "sentence": "M416突击步枪是由哪个国家制造的？", "pred_entity": ["<突击步枪枪>", "\"突击步枪枪\""], "mention": ["M416突击步枪"], "true_entity": ["<m416>"]}, {"id": 374, "sentence": "推翻了秦朝并斩蛇起义的是中国历史上哪位皇帝？", "pred_entity": ["<斩蛇起义>", "<秦始皇：中国历史上的第一位皇帝>", "\"秦始皇:中国历史上的第一位皇帝\""], "mention": ["推翻了秦朝并斩蛇起义"], "true_entity": ["\"建立汉朝\"", "\"斩蛇起义\""]}, {"id": 379, "sentence": "西陵嫘祖的配偶所属部落的标记是什么？", "pred_entity": ["\"嫘祖陵\"", "<嫘祖陵>"], "mention": ["西陵嫘祖"], "true_entity": ["<嫘祖>"]}, {"id": 413, "sentence": "被称为月亮湖的湖泊属于哪个国家？", "pred_entity": ["<月亮湖_（重庆市石柱县黄水月亮湖）>", "<月亮湖_（内蒙古阿拉善盟湖泊）>", "<贝加尔湖>", "<月亮湖_（辽宁省营口市公园）>", "<月亮湖景区>", "<月亮湖泊>", "<月亮湖_（湖北省荆门市湖泊）>", "<月亮湖_（越剧剧目）>", "<月亮湖_（贵州省赤水市湖泊）>", "<月亮湖_（湖北省武汉市湖泊）>", "\"月亮湖\"", "<月亮湖_（浙江省江山市湖泊）>"], "mention": ["月亮湖"], "true_entity": ["\"北海、月亮湖\""]}, {"id": 417, "sentence": "第九届金鹰节金鹰女神是哪个民族的？", "pred_entity": ["\"第九届金鹰节\""], "mention": ["第九届金鹰节金鹰女神"], "true_entity": ["\"第九届 金鹰电视艺术节金鹰女神\""]}, {"id": 420, "sentence": "被称做小燕子的女演员官方体重是多少呀？", "pred_entity": ["<谭薇_（金鹰卡通卫视主持人）>", "<裸官_（裸官是裸体做官的简称）>", "<陈礼燕>", "<萧云>", "<赵薇_（中国内地女演员、歌手、导演）>", "<小燕子_（赵本山第71号弟子）>", "<小美人_（崔子格首发音乐《小美人》）>", "\"小燕子\"", "<小燕子_（古装电视剧《还珠格格》人物）>", "<张映雪_（女主播）>", "<小燕子_（1960年上海美影厂出品水墨动画片）>", "<小燕子_（电影《护士日记》中插曲）>"], "mention": ["小燕子"], "true_entity": ["\"小燕子、漂亮\""]}, {"id": 542, "sentence": "中国大陆银行类别？", "pred_entity": ["\"大陆银行\"", "<大陆银行>"], "mention": ["中国大陆银行"], "true_entity": ["<银行>"]}, {"id": 546, "sentence": "中国五大行？", "pred_entity": ["<中国五大面条>", "<中国五大圣人>", "<中国五大湖区>", "<中国五大银行>", "<中国五冶大学>", "\"中国五大银行\"", "<中国五大名窑>", "<中国五大古城>"], "mention": ["中国五大"], "true_entity": ["<银行>", "<中国>"]}, {"id": 557, "sentence": "MACD指标的中文全称？", "pred_entity": ["<MACD指标>", "<金叉死叉图>", "\"MACD指标\""], "mention": ["MACD指标"], "true_entity": ["<MACD>"]}, {"id": 561, "sentence": "投资者申请赎回基金，几天后可查询？", "pred_entity": ["<申赎资金>", "\"申赎资金\""], "mention": ["投资者申请赎回基金"], "true_entity": ["<基金赎回>"]}, {"id": 574, "sentence": "外汇期货合约的交割月份？", "pred_entity": ["<外汇期货合约>"], "mention": ["外汇期货合约"], "true_entity": ["<外汇期货>"]}, {"id": 586, "sentence": "股本概念分类？", "pred_entity": ["<概念分类>", "\"概念分类\"", "<概念股>"], "mention": ["股本概念"], "true_entity": ["<股本>"]}, {"id": 594, "sentence": "买新三板的股票要开什么权限？", "pred_entity": ["\"新三板股票\"", "\"新三板\"", "<新三板>", "<新三板股票>", "<国家突发重大动物疫情紧急救援手册>"], "mention": ["新三板"], "true_entity": ["<新三版>"]}, {"id": 600, "sentence": "资产管理业务委托方包含哪些？", "pred_entity": ["\"资产管理业务\"", "<资产管理业务>"], "mention": ["资产管理业务"], "true_entity": ["<资管产品>"]}, {"id": 618, "sentence": "从事保险活动需要了解的法律？", "pred_entity": ["<保险代理保险>", "<个人保险>", "<保险_（契约经济关系）>", "<防癌保险>", "\"保险\"", "<保险_（上山道生作品）>", "<保险>", "<保险与保险法>", "\"法律的需要\""], "mention": ["保险"], "true_entity": ["<保险业务>"]}, {"id": 622, "sentence": "现有的金融监管结构？", "pred_entity": ["<金融监管机构>", "\"监管金融机构\""], "mention": [], "true_entity": ["<金融监管>"]}, {"id": 628, "sentence": "银行融资的主要手段？", "pred_entity": ["<银行融资>", "\"银行融资\""], "mention": ["银行融资"], "true_entity": ["<银行>"]}, {"id": 637, "sentence": "黄金市场指数的代表？", "pred_entity": ["<黄金市场指数>", "\"黄金市场指数\""], "mention": ["黄金市场指数"], "true_entity": ["<黄金市场>"]}, {"id": 642, "sentence": "国内的期货交易所有哪几家？", "pred_entity": ["\"国内\"", "<期货交易所>", "<内国>", "\"期货交易所\"", "<国内>", "\"在期货交易所内\""], "mention": ["国内", "期货交易所"], "true_entity": ["<上海证券交易所>"]}, {"id": 658, "sentence": "中国十大保险公司？", "pred_entity": ["\"中国保险投资公司\"", "\"中国平安保险公司\"", "\"中国人民保险公司\""], "mention": ["中国十大保险公司"], "true_entity": ["<保险公司>", "<中国>"]}, {"id": 667, "sentence": "中国平安的公司口号？", "pred_entity": ["<中国平安保险（集团）股份有限公司>", "\"中国平安\"", "\"口号中国\"", "<中国平安>", "<平安中国>", "<口号中国>"], "mention": ["中国平安"], "true_entity": ["<平安保险>"]}, {"id": 668, "sentence": "中国平安的总部地点？", "pred_entity": ["\"中国钢铁总部基地\"", "<中国平安保险（集团）股份有限公司>", "\"中国平安\"", "<中国书雕总部基地>", "<中国钢铁总部基地>", "<中国平安>", "<平安中国>"], "mention": ["中国平安"], "true_entity": ["<平安保险>"]}, {"id": 669, "sentence": "平安银行的注册资本？", "pred_entity": ["<注册资本>", "\"注册资本\"", "\"平安银行\"", "<平安银行>"], "mention": ["平安银行"], "true_entity": ["<平安保险>"]}, {"id": 672, "sentence": "中华人民共和国大陆地区的法定货币是什么？", "pred_entity": ["\"中华人民共和国法定货币\""], "mention": ["中华人民共和国大陆"], "true_entity": ["<中国>"]}, {"id": 702, "sentence": "黄金交易指定的清算银行有哪些？", "pred_entity": ["<银行清算>", "\"黄金交易\"", "\"银行清算\"", "<黄金交易>", "<清算银行>", "\"清算银行\""], "mention": ["黄金交易"], "true_entity": ["<黄金交易市场>"]}, {"id": 757, "sentence": "康佳集团的非职工监事是谁？", "pred_entity": ["<康佳集团>", "\"康佳集团\""], "mention": ["康佳集团"], "true_entity": ["<康佳集团股份有限公司>"]}, {"id": 758, "sentence": "康佳集团的总裁是谁？", "pred_entity": ["<康佳集团>", "<谁是总裁？>", "\"谁是总裁?\"", "\"康佳集团\""], "mention": ["康佳集团"], "true_entity": ["<康佳集团股份有限公司>"]}, {"id": 759, "sentence": "康佳集团的副总裁是谁？", "pred_entity": ["<康佳集团>", "\"佳兆业集团副总裁\"", "\"康佳集团\""], "mention": ["康佳集团"], "true_entity": ["<康佳集团股份有限公司>"]}, {"id": 760, "sentence": "康佳集团的董事局主席是谁？", "pred_entity": ["\"融信集团董事局主席\"", "\"华彬集团董事局主席\"", "<康佳集团>", "\"康佳集团\"", "\"汇丰集团董事局主席\"", "\"创维集团董事局主席\""], "mention": ["康佳集团"], "true_entity": ["<康佳集团股份有限公司>"]}, {"id": 761, "sentence": "康佳集团的非独立董事有谁？", "pred_entity": ["<康佳集团>", "\"非独立董事\"", "\"康佳集团\"", "<非独立董事>"], "mention": ["康佳集团", "非独立董事"], "true_entity": ["<康佳集团股份有限公司>"]}, {"id": 762, "sentence": "康佳集团的董事会秘书是谁？", "pred_entity": ["<康佳集团>", "<董事会秘书>", "\"董事会秘书\"", "\"康佳集团\""], "mention": ["康佳集团"], "true_entity": ["<康佳集团股份有限公司>"]}, {"id": 763, "sentence": "康佳集团的监事长是谁？", "pred_entity": ["<康佳集团>", "\"康佳集团\""], "mention": ["康佳集团"], "true_entity": ["<康佳集团股份有限公司>"]}, {"id": 764, "sentence": "康佳集团的职工监事是谁？", "pred_entity": ["<康佳集团>", "\"康佳集团\""], "mention": ["康佳集团"], "true_entity": ["<康佳集团股份有限公司>"]}, {"id": 765, "sentence": "康佳集团的财务总监是谁？", "pred_entity": ["<康佳集团>", "\"财务总监\"", "\"康佳集团\""], "mention": ["康佳集团"], "true_entity": ["<康佳集团股份有限公司>"]}]